hospital_id,name,city,state,pincode,address,latitude,longitude,specialties,procedures,cost_min,cost_max,currency,facilities,accreditation,pmjay_empanelled,annual_procedure_volume,outcome_metric,icu_beds,source_type,verification_status,source_url,last_verified,last_updated,data_status,condition_tag,review_status,phone,facility_type,date_of_establishment,success_rates
PBJAL-001,SHARANJIT HOSPITAL,Jalandhar,Punjab,990001,"Jalandhar, Punjab (street address not published in source)",31.295562,75.600242,"{Cardiology,Internal Medicine}","{ECG,Echocardiography,Consultation,Diagnostic Evaluation}",68000,165358,INR,"{24x7 Emergency,Pharmacy,Diagnostic Lab,Ambulance}",{NABH-style demo},True,1497,Synthetic demo composite outcome: 97%,16,public,simulated,https://healthcardhospitallist.com/punjab/jalandhar,2026-09-24,2026-09-24,synthetic_demo_data,cardiac,pending,9814102598,Private,1972-04-06,"{""Cardiology"":93,""Internal Medicine"":99}"
PBJAL-002,A.N. NEURO CRITICAL CARE CENTRE & CMC HOSPITAL,Jalandhar,Punjab,990002,"Jalandhar, Punjab (street address not published in source)",31.320899,75.579300,"{Neurology,Neurosurgery}","{EEG,MRI Brain,Craniotomy,Spine Surgery}",71000,397069,INR,"{ICU,24x7 Emergency,Blood Bank,Radiology}",{ISO-style demo},True,1708,Synthetic demo composite outcome: 90%,7,public,simulated,https://healthcardhospitallist.com/punjab/jalandhar,2026-09-24,2026-09-24,synthetic_demo_data,neurological,pending,8194935820,Private,1979-07-11,"{""Neurology"":96,""Neurosurgery"":99}"
PBJAL-003,Aastha hospital,Jalandhar,Punjab,990003,"Jalandhar, Punjab (street address not published in source)",31.313070,75.563194,"{Orthopedics,Joint Replacement}","{Fracture Fixation,Arthroscopy,Total Knee Replacement,Total Hip Replacement}",74000,236085,INR,"{NICU,Pharmacy,Diagnostic Lab,24x7 Emergency}",{Quality-certified demo},True,1744,Synthetic demo composite outcome: 89%,11,public,simulated,https://healthcardhospitallist.com/punjab/jalandhar,2026-09-24,2026-09-24,synthetic_demo_data,orthopedic,pending,9814060816,Private,1986-10-16,"{""Orthopedics"":89,""Joint Replacement"":91}"
PBJAL-004,AIIMS SANJIVANI HOSPITAL,Jalandhar,Punjab,990004,"Jalandhar, Punjab (street address not published in source)",31.301702,75.560883,"{General Surgery,Laparoscopic Surgery}","{Appendectomy,Hernia Repair,Laparoscopic Cholecystectomy,Laparoscopic Hernia Repair}",77000,400555,INR,"{Dialysis Unit,ICU,Diagnostic Lab,Pharmacy}",{Teaching hospital demo},True,312,Synthetic demo composite outcome: 96%,3,public,simulated,https://healthcardhospitallist.com/punjab/jalandhar,2026-09-24,2026-09-24,synthetic_demo_data,general-surgery,pending,9417929827,Private,1993-01-21,"{""General Surgery"":99,""Laparoscopic Surgery"":93}"
PBJAL-005,AKAL EYE HOSPITAL,Jalandhar,Punjab,990005,"Jalandhar, Punjab (street address not published in source)",31.326972,75.581595,"{Gastroenterology,Hepatology}","{Endoscopy,Colonoscopy,Liver Function Assessment,FibroScan}",80000,233885,INR,"{Operation Theatre,ICU,Radiology,Ambulance}",{Not specified / demo},True,1406,Synthetic demo composite outcome: 95%,7,public,simulated,https://healthcardhospitallist.com/punjab/jalandhar,2026-09-24,2026-09-24,synthetic_demo_data,gastro,pending,9814940606,Private,2000-04-26,"{""Gastroenterology"":94,""Hepatology"":90}"
PBJAL-006,ALTIS MULTISPECIALITY HOSPITAL,Jalandhar,Punjab,990006,"Jalandhar, Punjab (street address not published in source)",31.357779,75.596905,"{Nephrology,Urology}","{Hemodialysis,Kidney Biopsy,TURP,Ureteroscopy}",83000,458153,INR,"{Cath Lab,ICU,Cardiac Diagnostics,Pharmacy}",{NABH-style demo},True,192,Synthetic demo composite outcome: 92%,10,public,simulated,https://healthcardhospitallist.com/punjab/jalandhar,2026-09-24,2026-09-24,synthetic_demo_data,renal,pending,9877165904,Private,2007-07-04,"{""Nephrology"":94,""Urology"":96}"
PBJAL-007,AMAR HOSPITAL,Jalandhar,Punjab,990007,"Jalandhar, Punjab (street address not published in source)",31.336645,75.543235,"{Pulmonology,Critical Care}","{Bronchoscopy,Pulmonary Function Test,Ventilator Support,Sepsis Management}",86000,279027,INR,"{24x7 Emergency,Pharmacy,Diagnostic Lab,Ambulance}",{ISO-style demo},True,1765,Synthetic demo composite outcome: 86%,12,public,simulated,https://healthcardhospitallist.com/punjab/jalandhar,2026-09-24,2026-09-24,synthetic_demo_data,respiratory,pending,9041632888,Private,2014-10-09,"{""Pulmonology"":92,""Critical Care"":87}"
PBJAL-008,ANKUR KIDS SUPERSPECIALITY HOSPITAL,Jalandhar,Punjab,990008,"Jalandhar, Punjab (street address not published in source)",31.315885,75.575706,"{Oncology,Radiation Oncology}","{Chemotherapy,Cancer Screening,Radiotherapy Planning,External Beam Radiotherapy}",89000,295009,INR,"{ICU,24x7 Emergency,Blood Bank,Radiology}",{Quality-certified demo},True,907,Synthetic demo composite outcome: 92%,18,public,simulated,https://healthcardhospitallist.com/punjab/jalandhar,2026-09-24,2026-09-24,synthetic_demo_data,oncology,pending,9872474073,Private,1965-01-14,"{""Oncology"":93,""Radiation Oncology"":97}"
PBJAL-009,Apex Hospital & Maternity Home,Jalandhar,Punjab,990009,"Jalandhar, Punjab (street address not published in source)",31.306350,75.607225,"{Obstetrics & Gynecology,Women’s Health}","{Normal Delivery,Cesarean Section,Antenatal Care,Gynecology Consultation}",92000,522124,INR,"{NICU,Pharmacy,Diagnostic Lab,24x7 Emergency}",{Teaching hospital demo},True,780,Synthetic demo composite outcome: 90%,6,public,simulated,https://healthcardhospitallist.com/punjab/jalandhar,2026-09-24,2026-09-24,synthetic_demo_data,women-health,pending,9779975244,Private,1972-04-19,"{""Obstetrics & Gynecology"":96,""Women’s Health"":96}"
PBJAL-010,ARMAAN HOSPITAL,Jalandhar,Punjab,990010,"Jalandhar, Punjab (street address not published in source)",31.308435,75.593532,"{Pediatrics,Neonatology}","{Pediatric Consultation,Vaccination,NICU Care,Newborn Screening}",95000,435539,INR,"{Dialysis Unit,ICU,Diagnostic Lab,Pharmacy}",{Not specified / demo},True,1042,Synthetic demo composite outcome: 92%,13,public,simulated,https://healthcardhospitallist.com/punjab/jalandhar,2026-09-24,2026-09-24,synthetic_demo_data,pediatrics,pending,9465181167,Private,1979-07-24,"{""Pediatrics"":88,""Neonatology"":85}"
PBJAL-011,ARORA EYE HOSPITAL & RETINA CENTRE,Jalandhar,Punjab,990011,"Jalandhar, Punjab (street address not published in source)",31.333732,75.608903,"{Ophthalmology,Ophthalmic Surgery}","{Cataract Surgery,LASIK Evaluation,Phacoemulsification,Vitrectomy}",98000,449405,INR,"{Operation Theatre,ICU,Radiology,Ambulance}",{NABH-style demo},True,1323,Synthetic demo composite outcome: 96%,4,public,simulated,https://healthcardhospitallist.com/punjab/jalandhar,2026-09-24,2026-09-24,synthetic_demo_data,eye,pending,9915595940,Private,1986-10-02,"{""Ophthalmology"":94,""Ophthalmic Surgery"":97}"
PBJAL-012,ARORA NURSING HOME PHILLAUR,Jalandhar,Punjab,990012,"Jalandhar, Punjab (street address not published in source)",31.345780,75.588959,"{ENT,Head & Neck Surgery}","{Tonsillectomy,Endoscopic Sinus Surgery,Thyroid Surgery,Neck Dissection}",101000,371794,INR,"{Cath Lab,ICU,Cardiac Diagnostics,Pharmacy}",{ISO-style demo},True,1399,Synthetic demo composite outcome: 96%,6,public,simulated,https://healthcardhospitallist.com/punjab/jalandhar,2026-09-24,2026-09-24,synthetic_demo_data,ent,pending,9878860398,Private,1993-01-07,"{""ENT"":88,""Head & Neck Surgery"":85}"
PBJAL-013,BBC Heart Care,Jalandhar,Punjab,990013,"Jalandhar, Punjab (street address not published in source)",31.313095,75.566348,"{Dermatology,Cosmetology}","{Skin Biopsy,Laser Procedures,Hair Restoration Consultation,Laser Therapy}",104000,366722,INR,"{24x7 Emergency,Pharmacy,Diagnostic Lab,Ambulance}",{Quality-certified demo},True,784,Synthetic demo composite outcome: 93%,12,public,simulated,https://healthcardhospitallist.com/punjab/jalandhar,2026-09-24,2026-09-24,synthetic_demo_data,dermatology,pending,9915015703,Private,2000-04-12,"{""Dermatology"":89,""Cosmetology"":90}"
PBJAL-014,Capitol Hospital,Jalandhar,Punjab,990014,"Jalandhar, Punjab (street address not published in source)",31.337540,75.562483,"{Psychiatry,Behavioral Health}","{Psychiatric Consultation,Counselling,Psychological Assessment}",107000,570856,INR,"{ICU,24x7 Emergency,Blood Bank,Radiology}",{Teaching hospital demo},True,1389,Synthetic demo composite outcome: 92%,14,public,simulated,https://healthcardhospitallist.com/punjab/jalandhar,2026-09-24,2026-09-24,synthetic_demo_data,mental-health,pending,8872411007,Private,2007-07-17,"{""Psychiatry"":88,""Behavioral Health"":85}"
PBJAL-015,CARE BEST SUPERSPECIALITY HOSPITAL,Jalandhar,Punjab,990015,"Jalandhar, Punjab (street address not published in source)",31.360119,75.547592,"{Emergency Medicine,Trauma Care}","{Emergency Stabilization,Trauma Resuscitation,Trauma Stabilization,Fracture Management}",110000,272502,INR,"{NICU,Pharmacy,Diagnostic Lab,24x7 Emergency}",{Not specified / demo},True,513,Synthetic demo composite outcome: 94%,7,public,simulated,https://healthcardhospitallist.com/punjab/jalandhar,2026-09-24,2026-09-24,synthetic_demo_data,emergency,pending,9501041718,Private,2014-10-22,"{""Emergency Medicine"":88,""Trauma Care"":91}"
PBJAL-016,CHC Adampur,Jalandhar,Punjab,990016,"Jalandhar, Punjab (street address not published in source)",31.295450,75.565625,"{Endocrinology,Diabetology}","{Diabetes Management,Thyroid Evaluation,Diabetes Screening,Insulin Management}",93000,254177,INR,"{Dialysis Unit,ICU,Diagnostic Lab,Pharmacy}",{NABH-style demo},True,593,Synthetic demo composite outcome: 97%,11,public,simulated,https://healthcardhospitallist.com/punjab/jalandhar,2026-09-24,2026-09-24,synthetic_demo_data,diabetes,pending,9872517360,Public,1965-01-27,"{""Endocrinology"":93,""Diabetology"":94}"
PBJAL-017,CHC Apra,Jalandhar,Punjab,990017,"Jalandhar, Punjab (street address not published in source)",31.296287,75.580976,"{Rheumatology,Pain Medicine}","{Arthritis Management,Autoimmune Evaluation,Pain Clinic,Nerve Blocks}",45000,149856,INR,"{Operation Theatre,ICU,Radiology,Ambulance}",{ISO-style demo},True,1783,Synthetic demo composite outcome: 89%,4,public,simulated,https://healthcardhospitallist.com/punjab/jalandhar,2026-09-24,2026-09-24,synthetic_demo_data,cardiac,pending,6280316821,Public,1972-04-05,"{""Rheumatology"":87,""Pain Medicine"":85}"
PBJAL-018,CHC Barapind,Jalandhar,Punjab,990018,"Jalandhar, Punjab (street address not published in source)",31.304989,75.554771,"{General Medicine,Family Medicine}","{Outpatient Consultation,Health Screening,Primary Care}",48000,262789,INR,"{Cath Lab,ICU,Cardiac Diagnostics,Pharmacy}",{Quality-certified demo},True,803,Synthetic demo composite outcome: 92%,6,public,simulated,https://healthcardhospitallist.com/punjab/jalandhar,2026-09-24,2026-09-24,synthetic_demo_data,general-surgery,pending,9872221547,Public,1979-07-10,"{""General Medicine"":92,""Family Medicine"":90}"
PBJAL-019,CHC Bundala,Jalandhar,Punjab,990019,"Jalandhar, Punjab (street address not published in source)",31.325933,75.559311,"{Cardiology,Internal Medicine}","{ECG,Echocardiography,Consultation,Diagnostic Evaluation}",51000,237102,INR,"{24x7 Emergency,Pharmacy,Diagnostic Lab,Ambulance}",{Teaching hospital demo},True,1030,Synthetic demo composite outcome: 96%,11,public,simulated,https://healthcardhospitallist.com/punjab/jalandhar,2026-09-24,2026-09-24,synthetic_demo_data,orthopedic,pending,9915527462,Public,1986-10-15,"{""Cardiology"":93,""Internal Medicine"":93}"
PBJAL-020,CHC Kalabakra,Jalandhar,Punjab,990020,"Jalandhar, Punjab (street address not published in source)",31.310233,75.594844,"{Neurology,Neurosurgery}","{EEG,MRI Brain,Craniotomy,Spine Surgery}",54000,180685,INR,"{ICU,24x7 Emergency,Blood Bank,Radiology}",{Not specified / demo},True,523,Synthetic demo composite outcome: 89%,5,public,simulated,https://healthcardhospitallist.com/punjab/jalandhar,2026-09-24,2026-09-24,synthetic_demo_data,general-surgery,pending,9815061919,Public,1993-01-20,"{""Neurology"":93,""Neurosurgery"":94}"
PBJAL-021,CHC Kartarpur,Jalandhar,Punjab,990021,"Jalandhar, Punjab (street address not published in source)",31.309347,75.594963,"{Orthopedics,Joint Replacement}","{Fracture Fixation,Arthroscopy,Total Knee Replacement,Total Hip Replacement}",57000,313511,INR,"{NICU,Pharmacy,Diagnostic Lab,24x7 Emergency}",{NABH-style demo},True,565,Synthetic demo composite outcome: 89%,8,public,simulated,https://healthcardhospitallist.com/punjab/jalandhar,2026-09-24,2026-09-24,synthetic_demo_data,orthopedic,pending,9814645564,Public,2000-04-25,"{""Orthopedics"":91,""Joint Replacement"":91}"
PBJAL-022,CHC LOHIAN KHAS,Jalandhar,Punjab,990022,"Jalandhar, Punjab (street address not published in source)",31.343133,75.589737,"{General Surgery,Laparoscopic Surgery}","{Appendectomy,Hernia Repair,Laparoscopic Cholecystectomy,Laparoscopic Hernia Repair}",60000,216824,INR,"{Dialysis Unit,ICU,Diagnostic Lab,Pharmacy}",{ISO-style demo},True,534,Synthetic demo composite outcome: 97%,18,public,simulated,https://healthcardhospitallist.com/punjab/jalandhar,2026-09-24,2026-09-24,synthetic_demo_data,general-surgery,pending,9779208787,Public,2007-07-03,"{""General Surgery"":84,""Laparoscopic Surgery"":88}"
PBJAL-023,CHC NURMAHAL,Jalandhar,Punjab,990023,"Jalandhar, Punjab (street address not published in source)",31.314443,75.554387,"{Gastroenterology,Hepatology}","{Endoscopy,Colonoscopy,Liver Function Assessment,FibroScan}",63000,180232,INR,"{Operation Theatre,ICU,Radiology,Ambulance}",{Quality-certified demo},True,940,Synthetic demo composite outcome: 92%,2,public,simulated,https://healthcardhospitallist.com/punjab/jalandhar,2026-09-24,2026-09-24,synthetic_demo_data,gastro,pending,7986099022,Public,2014-10-08,"{""Gastroenterology"":91,""Hepatology"":92}"
PBJAL-024,CHC Shahkot,Jalandhar,Punjab,990024,"Jalandhar, Punjab (street address not published in source)",31.341379,75.600244,"{Nephrology,Urology}","{Hemodialysis,Kidney Biopsy,TURP,Ureteroscopy}",66000,257023,INR,"{Cath Lab,ICU,Cardiac Diagnostics,Pharmacy}",{Teaching hospital demo},True,1474,Synthetic demo composite outcome: 93%,7,public,simulated,https://healthcardhospitallist.com/punjab/jalandhar,2026-09-24,2026-09-24,synthetic_demo_data,oncology,pending,9872221549,Public,1965-01-13,"{""Nephrology"":94,""Urology"":94}"
PBJAL-025,CHC Shankar,Jalandhar,Punjab,990025,"Jalandhar, Punjab (street address not published in source)",31.346432,75.609879,"{Pulmonology,Critical Care}","{Bronchoscopy,Pulmonary Function Test,Ventilator Support,Sepsis Management}",69000,296312,INR,"{24x7 Emergency,Pharmacy,Diagnostic Lab,Ambulance}",{Not specified / demo},True,1409,Synthetic demo composite outcome: 86%,16,public,simulated,https://healthcardhospitallist.com/punjab/jalandhar,2026-09-24,2026-09-24,synthetic_demo_data,women-health,pending,8699331313,Public,1972-04-18,"{""Pulmonology"":85,""Critical Care"":85}"
PBAMR-001,AKASHDEEP HOSPITAL,Amritsar,Punjab,990026,"Amritsar, Punjab (street address not published in source)",31.662748,74.841168,"{Oncology,Radiation Oncology}","{Chemotherapy,Cancer Screening,Radiotherapy Planning,External Beam Radiotherapy}",92000,311848,INR,"{ICU,24x7 Emergency,Blood Bank,Radiology}",{NABH-style demo},True,777,Synthetic demo composite outcome: 86%,14,public,simulated,https://healthcardhospitallist.com/punjab/amritsar,2026-09-24,2026-09-24,synthetic_demo_data,oncology,pending,8054001595,Private,1979-07-23,"{""Oncology"":91,""Radiation Oncology"":88}"
PBAMR-002,ASG EYE HOSPITAL,Amritsar,Punjab,990027,"Amritsar, Punjab (street address not published in source)",31.657888,74.851821,"{Obstetrics & Gynecology,Women’s Health}","{Normal Delivery,Cesarean Section,Antenatal Care,Gynecology Consultation}",95000,243050,INR,"{NICU,Pharmacy,Diagnostic Lab,24x7 Emergency}",{ISO-style demo},True,480,Synthetic demo composite outcome: 91%,8,public,simulated,https://healthcardhospitallist.com/punjab/amritsar,2026-09-24,2026-09-24,synthetic_demo_data,women-health,pending,8875029991,Private,1986-10-01,"{""Obstetrics & Gynecology"":95,""Women’s Health"":99}"
PBAMR-003,ATLANTIS HOSPITAL A UNIT OF ATLANTIS HEALTH CARE,Amritsar,Punjab,990028,"Amritsar, Punjab (street address not published in source)",31.606895,74.900140,"{Pediatrics,Neonatology}","{Pediatric Consultation,Vaccination,NICU Care,Newborn Screening}",98000,402876,INR,"{Dialysis Unit,ICU,Diagnostic Lab,Pharmacy}",{Quality-certified demo},True,809,Synthetic demo composite outcome: 90%,9,public,simulated,https://healthcardhospitallist.com/punjab/amritsar,2026-09-24,2026-09-24,synthetic_demo_data,pediatrics,pending,8568930224,Private,1993-01-06,"{""Pediatrics"":92,""Neonatology"":90}"
PBAMR-004,BAJWA HOSPITAL,Amritsar,Punjab,990029,"Amritsar, Punjab (street address not published in source)",31.655550,74.848495,"{Ophthalmology,Ophthalmic Surgery}","{Cataract Surgery,LASIK Evaluation,Phacoemulsification,Vitrectomy}",101000,266444,INR,"{Operation Theatre,ICU,Radiology,Ambulance}",{Teaching hospital demo},True,758,Synthetic demo composite outcome: 86%,12,public,simulated,https://healthcardhospitallist.com/punjab/amritsar,2026-09-24,2026-09-24,synthetic_demo_data,dermatology,pending,9915715601,Private,2000-04-11,"{""Ophthalmology"":90,""Ophthalmic Surgery"":87}"
PBAMR-005,BHULLAR HOSPITAL,Amritsar,Punjab,990030,"Amritsar, Punjab (street address not published in source)",31.626449,74.841522,"{ENT,Head & Neck Surgery}","{Tonsillectomy,Endoscopic Sinus Surgery,Thyroid Surgery,Neck Dissection}",104000,347772,INR,"{Cath Lab,ICU,Cardiac Diagnostics,Pharmacy}",{Not specified / demo},True,870,Synthetic demo composite outcome: 97%,2,public,simulated,https://healthcardhospitallist.com/punjab/amritsar,2026-09-24,2026-09-24,synthetic_demo_data,ent,pending,9888060435,Private,2007-07-16,"{""ENT"":91,""Head & Neck Surgery"":91}"
PBAMR-006,CAREWELL HEART & SUPER SPECIALTY HOSPITAL,Amritsar,Punjab,990031,"Amritsar, Punjab (street address not published in source)",31.665087,74.846022,"{Dermatology,Cosmetology}","{Skin Biopsy,Laser Procedures,Hair Restoration Consultation,Laser Therapy}",107000,583163,INR,"{24x7 Emergency,Pharmacy,Diagnostic Lab,Ambulance}",{NABH-style demo},True,590,Synthetic demo composite outcome: 94%,17,public,simulated,https://healthcardhospitallist.com/punjab/amritsar,2026-09-24,2026-09-24,synthetic_demo_data,dermatology,pending,9872996069,Private,2014-10-21,"{""Dermatology"":93,""Cosmetology"":92}"
PBAMR-007,chandan hospital,Amritsar,Punjab,990032,"Amritsar, Punjab (street address not published in source)",31.623026,74.853145,"{Psychiatry,Behavioral Health}","{Psychiatric Consultation,Counselling,Psychological Assessment}",110000,294692,INR,"{ICU,24x7 Emergency,Blood Bank,Radiology}",{ISO-style demo},True,213,Synthetic demo composite outcome: 97%,11,public,simulated,https://healthcardhospitallist.com/punjab/amritsar,2026-09-24,2026-09-24,synthetic_demo_data,diabetes,pending,9815103499,Private,1965-01-26,"{""Psychiatry"":99,""Behavioral Health"":97}"
PBAMR-008,CHC Lopoke,Amritsar,Punjab,990033,"Amritsar, Punjab (street address not published in source)",31.659921,74.870395,"{Emergency Medicine,Trauma Care}","{Emergency Stabilization,Trauma Resuscitation,Trauma Stabilization,Fracture Management}",93000,407431,INR,"{NICU,Pharmacy,Diagnostic Lab,24x7 Emergency}",{Quality-certified demo},True,623,Synthetic demo composite outcome: 97%,11,public,simulated,https://healthcardhospitallist.com/punjab/amritsar,2026-09-24,2026-09-24,synthetic_demo_data,emergency,pending,9653753676,Public,1972-04-04,"{""Emergency Medicine"":88,""Trauma Care"":92}"
PBAMR-009,CHC MAJITHA,Amritsar,Punjab,990034,"Amritsar, Punjab (street address not published in source)",31.623050,74.888162,"{Endocrinology,Diabetology}","{Diabetes Management,Thyroid Evaluation,Diabetes Screening,Insulin Management}",45000,163793,INR,"{Dialysis Unit,ICU,Diagnostic Lab,Pharmacy}",{Teaching hospital demo},True,1234,Synthetic demo composite outcome: 90%,13,public,simulated,https://healthcardhospitallist.com/punjab/amritsar,2026-09-24,2026-09-24,synthetic_demo_data,neurological,pending,9877290402,Public,1979-07-09,"{""Endocrinology"":86,""Diabetology"":90}"
PBAMR-010,CHC MANAWALA,Amritsar,Punjab,990035,"Amritsar, Punjab (street address not published in source)",31.619149,74.896891,"{Rheumatology,Pain Medicine}","{Arthritis Management,Autoimmune Evaluation,Pain Clinic,Nerve Blocks}",48000,270843,INR,"{Operation Theatre,ICU,Radiology,Ambulance}",{Not specified / demo},True,247,Synthetic demo composite outcome: 87%,10,public,simulated,https://healthcardhospitallist.com/punjab/amritsar,2026-09-24,2026-09-24,synthetic_demo_data,orthopedic,pending,8146847766,Public,1986-10-14,"{""Rheumatology"":90,""Pain Medicine"":93}"
PBAMR-011,CHC Mehta,Amritsar,Punjab,990036,"Amritsar, Punjab (street address not published in source)",31.601124,74.902077,"{General Medicine,Family Medicine}","{Outpatient Consultation,Health Screening,Primary Care}",51000,230909,INR,"{Cath Lab,ICU,Cardiac Diagnostics,Pharmacy}",{NABH-style demo},True,726,Synthetic demo composite outcome: 96%,10,public,simulated,https://healthcardhospitallist.com/punjab/amritsar,2026-09-24,2026-09-24,synthetic_demo_data,general-surgery,pending,9855439109,Public,1993-01-19,"{""General Medicine"":93,""Family Medicine"":91}"
PBAMR-012,Chc tarsikka,Amritsar,Punjab,990037,"Amritsar, Punjab (street address not published in source)",31.607365,74.891688,"{Cardiology,Internal Medicine}","{ECG,Echocardiography,Consultation,Diagnostic Evaluation}",54000,269246,INR,"{24x7 Emergency,Pharmacy,Diagnostic Lab,Ambulance}",{ISO-style demo},True,546,Synthetic demo composite outcome: 88%,2,public,simulated,https://healthcardhospitallist.com/punjab/amritsar,2026-09-24,2026-09-24,synthetic_demo_data,gastro,pending,9814798961,Public,2000-04-24,"{""Cardiology"":89,""Internal Medicine"":91}"
PBAMR-013,CHC VERKA,Amritsar,Punjab,990038,"Amritsar, Punjab (street address not published in source)",31.611881,74.873508,"{Neurology,Neurosurgery}","{EEG,MRI Brain,Craniotomy,Spine Surgery}",57000,273352,INR,"{ICU,24x7 Emergency,Blood Bank,Radiology}",{Quality-certified demo},True,651,Synthetic demo composite outcome: 96%,3,public,simulated,https://healthcardhospitallist.com/punjab/amritsar,2026-09-24,2026-09-24,synthetic_demo_data,renal,pending,7888329091,Public,2007-07-02,"{""Neurology"":93,""Neurosurgery"":90}"
PBAMR-014,choudhary ent and maternity,Amritsar,Punjab,990039,"Amritsar, Punjab (street address not published in source)",31.639358,74.890430,"{Orthopedics,Joint Replacement}","{Fracture Fixation,Arthroscopy,Total Knee Replacement,Total Hip Replacement}",80000,291297,INR,"{NICU,Pharmacy,Diagnostic Lab,24x7 Emergency}",{Teaching hospital demo},True,1608,Synthetic demo composite outcome: 93%,16,public,simulated,https://healthcardhospitallist.com/punjab/amritsar,2026-09-24,2026-09-24,synthetic_demo_data,orthopedic,pending,9815064995,Private,2014-10-07,"{""Orthopedics"":87,""Joint Replacement"":91}"
PBAMR-015,CITY HOSPITAL,Amritsar,Punjab,990040,"Amritsar, Punjab (street address not published in source)",31.633616,74.882669,"{General Surgery,Laparoscopic Surgery}","{Appendectomy,Hernia Repair,Laparoscopic Cholecystectomy,Laparoscopic Hernia Repair}",83000,438079,INR,"{Dialysis Unit,ICU,Diagnostic Lab,Pharmacy}",{Not specified / demo},True,1266,Synthetic demo composite outcome: 87%,16,public,simulated,https://healthcardhospitallist.com/punjab/amritsar,2026-09-24,2026-09-24,synthetic_demo_data,general-surgery,pending,8283822558,Private,1965-01-12,"{""General Surgery"":89,""Laparoscopic Surgery"":83}"
PBAMR-016,czone multispeciality hospital,Amritsar,Punjab,990041,"Amritsar, Punjab (street address not published in source)",31.629042,74.861382,"{Gastroenterology,Hepatology}","{Endoscopy,Colonoscopy,Liver Function Assessment,FibroScan}",86000,480664,INR,"{Operation Theatre,ICU,Radiology,Ambulance}",{NABH-style demo},True,379,Synthetic demo composite outcome: 97%,16,public,simulated,https://healthcardhospitallist.com/punjab/amritsar,2026-09-24,2026-09-24,synthetic_demo_data,gastro,pending,7814848734,Private,1972-04-17,"{""Gastroenterology"":96,""Hepatology"":98}"
PBAMR-017,DEV HOSPITAL,Amritsar,Punjab,990042,"Amritsar, Punjab (street address not published in source)",31.650219,74.841148,"{Nephrology,Urology}","{Hemodialysis,Kidney Biopsy,TURP,Ureteroscopy}",89000,330531,INR,"{Cath Lab,ICU,Cardiac Diagnostics,Pharmacy}",{ISO-style demo},True,1592,Synthetic demo composite outcome: 90%,16,public,simulated,https://healthcardhospitallist.com/punjab/amritsar,2026-09-24,2026-09-24,synthetic_demo_data,pediatrics,pending,9417273646,Private,1979-07-22,"{""Nephrology"":89,""Urology"":93}"
PBAMR-018,DH Amritsar,Amritsar,Punjab,990043,"Amritsar, Punjab (street address not published in source)",31.652019,74.891706,"{Pulmonology,Critical Care}","{Bronchoscopy,Pulmonary Function Test,Ventilator Support,Sepsis Management}",72000,176825,INR,"{24x7 Emergency,Pharmacy,Diagnostic Lab,Ambulance}",{Quality-certified demo},True,1351,Synthetic demo composite outcome: 96%,18,public,simulated,https://healthcardhospitallist.com/punjab/amritsar,2026-09-24,2026-09-24,synthetic_demo_data,eye,pending,9779389566,Public,1986-10-27,"{""Pulmonology"":99,""Critical Care"":96}"
PBAMR-019,DHALIWAL HOSPITAL,Amritsar,Punjab,990044,"Amritsar, Punjab (street address not published in source)",31.652547,74.867114,"{Oncology,Radiation Oncology}","{Chemotherapy,Cancer Screening,Radiotherapy Planning,External Beam Radiotherapy}",75000,234598,INR,"{ICU,24x7 Emergency,Blood Bank,Radiology}",{Teaching hospital demo},True,768,Synthetic demo composite outcome: 97%,12,public,simulated,https://healthcardhospitallist.com/punjab/amritsar,2026-09-24,2026-09-24,synthetic_demo_data,oncology,pending,6284827239,Public,1993-01-05,"{""Oncology"":85,""Radiation Oncology"":91}"
PBAMR-020,DHINGRA GENERAL HOSPITAL,Amritsar,Punjab,990045,"Amritsar, Punjab (street address not published in source)",31.621476,74.903614,"{Obstetrics & Gynecology,Women’s Health}","{Normal Delivery,Cesarean Section,Antenatal Care,Gynecology Consultation}",98000,277636,INR,"{NICU,Pharmacy,Diagnostic Lab,24x7 Emergency}",{Not specified / demo},True,712,Synthetic demo composite outcome: 88%,11,public,simulated,https://healthcardhospitallist.com/punjab/amritsar,2026-09-24,2026-09-24,synthetic_demo_data,women-health,pending,9417881616,Private,2000-04-10,"{""Obstetrics & Gynecology"":94,""Women’s Health"":92}"
PBAMR-021,DHRUV MATERNITY AND NURSING HOME,Amritsar,Punjab,990046,"Amritsar, Punjab (street address not published in source)",31.653662,74.899921,"{Pediatrics,Neonatology}","{Pediatric Consultation,Vaccination,NICU Care,Newborn Screening}",101000,413868,INR,"{Dialysis Unit,ICU,Diagnostic Lab,Pharmacy}",{NABH-style demo},True,1397,Synthetic demo composite outcome: 92%,11,public,simulated,https://healthcardhospitallist.com/punjab/amritsar,2026-09-24,2026-09-24,synthetic_demo_data,pediatrics,pending,7814445660,Private,2007-07-15,"{""Pediatrics"":93,""Neonatology"":95}"
PBAMR-022,Diwan Singh Memorial Hospital Pvt. Ltd.,Amritsar,Punjab,990047,"Amritsar, Punjab (street address not published in source)",31.645365,74.853396,"{Ophthalmology,Ophthalmic Surgery}","{Cataract Surgery,LASIK Evaluation,Phacoemulsification,Vitrectomy}",104000,578144,INR,"{Operation Theatre,ICU,Radiology,Ambulance}",{ISO-style demo},True,1365,Synthetic demo composite outcome: 89%,12,public,simulated,https://healthcardhospitallist.com/punjab/amritsar,2026-09-24,2026-09-24,synthetic_demo_data,emergency,pending,9781715000,Private,2014-10-20,"{""Ophthalmology"":95,""Ophthalmic Surgery"":94}"
PBAMR-023,Dr Daljit Singh Eye Hospital,Amritsar,Punjab,990048,"Amritsar, Punjab (street address not published in source)",31.654770,74.878483,"{ENT,Head & Neck Surgery}","{Tonsillectomy,Endoscopic Sinus Surgery,Thyroid Surgery,Neck Dissection}",107000,314927,INR,"{Cath Lab,ICU,Cardiac Diagnostics,Pharmacy}",{Quality-certified demo},True,876,Synthetic demo composite outcome: 90%,13,public,simulated,https://healthcardhospitallist.com/punjab/amritsar,2026-09-24,2026-09-24,synthetic_demo_data,ent,pending,9988501203,Private,1965-01-25,"{""ENT"":87,""Head & Neck Surgery"":86}"
PBAMR-024,Dr Karam Singh Memorial Multispeciality Hospital,Amritsar,Punjab,990049,"Amritsar, Punjab (street address not published in source)",31.635616,74.899082,"{Dermatology,Cosmetology}","{Skin Biopsy,Laser Procedures,Hair Restoration Consultation,Laser Therapy}",110000,563740,INR,"{24x7 Emergency,Pharmacy,Diagnostic Lab,Ambulance}",{Teaching hospital demo},True,357,Synthetic demo composite outcome: 89%,6,public,simulated,https://healthcardhospitallist.com/punjab/amritsar,2026-09-24,2026-09-24,synthetic_demo_data,dermatology,pending,9872620987,Private,1972-04-03,"{""Dermatology"":89,""Cosmetology"":90}"
PBAMR-025,Dr Manilas Surgicity,Amritsar,Punjab,990050,"Amritsar, Punjab (street address not published in source)",31.601329,74.869480,"{Psychiatry,Behavioral Health}","{Psychiatric Consultation,Counselling,Psychological Assessment}",113000,566608,INR,"{ICU,24x7 Emergency,Blood Bank,Radiology}",{Not specified / demo},True,764,Synthetic demo composite outcome: 93%,9,public,simulated,https://healthcardhospitallist.com/punjab/amritsar,2026-09-24,2026-09-24,synthetic_demo_data,neurological,pending,7527949999,Private,1979-07-08,"{""Psychiatry"":90,""Behavioral Health"":88}"
PBAMR-026,DR PUNJS ARTEMIS HOSPITAL,Amritsar,Punjab,990051,"Amritsar, Punjab (street address not published in source)",31.605765,74.863287,"{Emergency Medicine,Trauma Care}","{Emergency Stabilization,Trauma Resuscitation,Trauma Stabilization,Fracture Management}",65000,285110,INR,"{NICU,Pharmacy,Diagnostic Lab,24x7 Emergency}",{NABH-style demo},True,1529,Synthetic demo composite outcome: 96%,7,public,simulated,https://healthcardhospitallist.com/punjab/amritsar,2026-09-24,2026-09-24,synthetic_demo_data,emergency,pending,9501117264,Private,1986-10-13,"{""Emergency Medicine"":92,""Trauma Care"":96}"
PBLUD-001,AASTHA KIDNEY AND SUPER SPECIALITY HOSPITAL,Ludhiana,Punjab,990052,"Ludhiana, Punjab (street address not published in source)",30.904242,75.825822,"{Endocrinology,Diabetology}","{Diabetes Management,Thyroid Evaluation,Diabetes Screening,Insulin Management}",68000,250205,INR,"{Dialysis Unit,ICU,Diagnostic Lab,Pharmacy}",{ISO-style demo},True,613,Synthetic demo composite outcome: 86%,15,public,simulated,https://healthcardhospitallist.com/punjab/ludhiana,2026-09-24,2026-09-24,synthetic_demo_data,general-surgery,pending,9988125662,Private,1993-01-18,"{""Endocrinology"":91,""Diabetology"":91}"
PBLUD-002,AIMC BASSI HOSPITAL,Ludhiana,Punjab,990053,"Ludhiana, Punjab (street address not published in source)",30.884826,75.861757,"{Rheumatology,Pain Medicine}","{Arthritis Management,Autoimmune Evaluation,Pain Clinic,Nerve Blocks}",71000,314188,INR,"{Operation Theatre,ICU,Radiology,Ambulance}",{Quality-certified demo},True,1070,Synthetic demo composite outcome: 96%,8,public,simulated,https://healthcardhospitallist.com/punjab/ludhiana,2026-09-24,2026-09-24,synthetic_demo_data,gastro,pending,9814032732,Private,2000-04-23,"{""Rheumatology"":93,""Pain Medicine"":86}"
PBLUD-003,Amen Hospital,Ludhiana,Punjab,990054,"Ludhiana, Punjab (street address not published in source)",30.868673,75.871422,"{General Medicine,Family Medicine}","{Outpatient Consultation,Health Screening,Primary Care}",74000,385222,INR,"{Cath Lab,ICU,Cardiac Diagnostics,Pharmacy}",{Teaching hospital demo},True,453,Synthetic demo composite outcome: 91%,14,public,simulated,https://healthcardhospitallist.com/punjab/ludhiana,2026-09-24,2026-09-24,synthetic_demo_data,general-surgery,pending,9815021724,Private,2007-07-01,"{""General Medicine"":95,""Family Medicine"":94}"
PBLUD-004,ANUPAM HOSPITAL,Ludhiana,Punjab,990055,"Ludhiana, Punjab (street address not published in source)",30.879926,75.844056,"{Cardiology,Internal Medicine}","{ECG,Echocardiography,Consultation,Diagnostic Evaluation}",77000,288947,INR,"{24x7 Emergency,Pharmacy,Diagnostic Lab,Ambulance}",{Not specified / demo},True,862,Synthetic demo composite outcome: 88%,6,public,simulated,https://healthcardhospitallist.com/punjab/ludhiana,2026-09-24,2026-09-24,synthetic_demo_data,respiratory,pending,8820257956,Private,2014-10-06,"{""Cardiology"":95,""Internal Medicine"":99}"
PBLUD-005,AROGYA HOSPITAL,Ludhiana,Punjab,990056,"Ludhiana, Punjab (street address not published in source)",30.880751,75.849511,"{Neurology,Neurosurgery}","{EEG,MRI Brain,Craniotomy,Spine Surgery}",80000,394039,INR,"{ICU,24x7 Emergency,Blood Bank,Radiology}",{NABH-style demo},True,531,Synthetic demo composite outcome: 97%,9,public,simulated,https://healthcardhospitallist.com/punjab/ludhiana,2026-09-24,2026-09-24,synthetic_demo_data,oncology,pending,7589166950,Private,1965-01-11,"{""Neurology"":96,""Neurosurgery"":94}"
PBLUD-006,Arora Neuro Centre,Ludhiana,Punjab,990057,"Ludhiana, Punjab (street address not published in source)",30.916301,75.891720,"{Orthopedics,Joint Replacement}","{Fracture Fixation,Arthroscopy,Total Knee Replacement,Total Hip Replacement}",83000,456747,INR,"{NICU,Pharmacy,Diagnostic Lab,24x7 Emergency}",{ISO-style demo},True,283,Synthetic demo composite outcome: 88%,8,public,simulated,https://healthcardhospitallist.com/punjab/ludhiana,2026-09-24,2026-09-24,synthetic_demo_data,orthopedic,pending,9988063102,Private,1972-04-16,"{""Orthopedics"":87,""Joint Replacement"":83}"
PBLUD-007,Arzoo hospital,Ludhiana,Punjab,990058,"Ludhiana, Punjab (street address not published in source)",30.920722,75.878408,"{General Surgery,Laparoscopic Surgery}","{Appendectomy,Hernia Repair,Laparoscopic Cholecystectomy,Laparoscopic Hernia Repair}",86000,377247,INR,"{Dialysis Unit,ICU,Diagnostic Lab,Pharmacy}",{Quality-certified demo},True,907,Synthetic demo composite outcome: 94%,2,public,simulated,https://healthcardhospitallist.com/punjab/ludhiana,2026-09-24,2026-09-24,synthetic_demo_data,general-surgery,pending,9877041124,Private,1979-07-21,"{""General Surgery"":95,""Laparoscopic Surgery"":91}"
PBLUD-008,ASG Hospital Pvt Ltd,Ludhiana,Punjab,990059,"Ludhiana, Punjab (street address not published in source)",30.894756,75.841764,"{Gastroenterology,Hepatology}","{Endoscopy,Colonoscopy,Liver Function Assessment,FibroScan}",89000,290180,INR,"{Operation Theatre,ICU,Radiology,Ambulance}",{Teaching hospital demo},True,795,Synthetic demo composite outcome: 87%,13,public,simulated,https://healthcardhospitallist.com/punjab/ludhiana,2026-09-24,2026-09-24,synthetic_demo_data,gastro,pending,8875020446,Private,1986-10-26,"{""Gastroenterology"":90,""Hepatology"":87}"
PBLUD-009,Bajaj ortho and Multispeciality,Ludhiana,Punjab,990060,"Ludhiana, Punjab (street address not published in source)",30.908325,75.868605,"{Nephrology,Urology}","{Hemodialysis,Kidney Biopsy,TURP,Ureteroscopy}",92000,525707,INR,"{Cath Lab,ICU,Cardiac Diagnostics,Pharmacy}",{Not specified / demo},True,593,Synthetic demo composite outcome: 89%,5,public,simulated,https://healthcardhospitallist.com/punjab/ludhiana,2026-09-24,2026-09-24,synthetic_demo_data,ent,pending,9814027620,Private,1993-01-04,"{""Nephrology"":92,""Urology"":90}"
PBLUD-010,BANSAL CHARITABLE HOSPITAL,Ludhiana,Punjab,990061,"Ludhiana, Punjab (street address not published in source)",30.922109,75.831412,"{Pulmonology,Critical Care}","{Bronchoscopy,Pulmonary Function Test,Ventilator Support,Sepsis Management}",95000,448032,INR,"{24x7 Emergency,Pharmacy,Diagnostic Lab,Ambulance}",{NABH-style demo},True,812,Synthetic demo composite outcome: 93%,7,public,simulated,https://healthcardhospitallist.com/punjab/ludhiana,2026-09-24,2026-09-24,synthetic_demo_data,dermatology,pending,9876293608,Private,2000-04-09,"{""Pulmonology"":99,""Critical Care"":97}"
PBLUD-011,Bassi nursing home,Ludhiana,Punjab,990062,"Ludhiana, Punjab (street address not published in source)",30.882711,75.845385,"{Oncology,Radiation Oncology}","{Chemotherapy,Cancer Screening,Radiotherapy Planning,External Beam Radiotherapy}",98000,242922,INR,"{ICU,24x7 Emergency,Blood Bank,Radiology}",{ISO-style demo},True,1370,Synthetic demo composite outcome: 88%,16,public,simulated,https://healthcardhospitallist.com/punjab/ludhiana,2026-09-24,2026-09-24,synthetic_demo_data,oncology,pending,8146421133,Private,2007-07-14,"{""Oncology"":96,""Radiation Oncology"":97}"
PBLUD-012,Bhivaan Orthocare and Trauma Centre,Ludhiana,Punjab,990063,"Ludhiana, Punjab (street address not published in source)",30.880237,75.862710,"{Obstetrics & Gynecology,Women’s Health}","{Normal Delivery,Cesarean Section,Antenatal Care,Gynecology Consultation}",101000,407424,INR,"{NICU,Pharmacy,Diagnostic Lab,24x7 Emergency}",{Quality-certified demo},True,1620,Synthetic demo composite outcome: 93%,7,public,simulated,https://healthcardhospitallist.com/punjab/ludhiana,2026-09-24,2026-09-24,synthetic_demo_data,women-health,pending,7009520543,Private,2014-10-19,"{""Obstetrics & Gynecology"":87,""Women’s Health"":87}"
PBLUD-013,Cancer Centers of America,Ludhiana,Punjab,990064,"Ludhiana, Punjab (street address not published in source)",30.896534,75.857976,"{Pediatrics,Neonatology}","{Pediatric Consultation,Vaccination,NICU Care,Newborn Screening}",104000,493248,INR,"{Dialysis Unit,ICU,Diagnostic Lab,Pharmacy}",{Teaching hospital demo},True,1192,Synthetic demo composite outcome: 93%,3,public,simulated,https://healthcardhospitallist.com/punjab/ludhiana,2026-09-24,2026-09-24,synthetic_demo_data,pediatrics,pending,9875992802,Private,1965-01-24,"{""Pediatrics"":87,""Neonatology"":90}"
PBLUD-014,CH Ludhiana,Ludhiana,Punjab,990065,"Ludhiana, Punjab (street address not published in source)",30.928483,75.845353,"{Ophthalmology,Ophthalmic Surgery}","{Cataract Surgery,LASIK Evaluation,Phacoemulsification,Vitrectomy}",87000,244760,INR,"{Operation Theatre,ICU,Radiology,Ambulance}",{Not specified / demo},True,1376,Synthetic demo composite outcome: 90%,4,public,simulated,https://healthcardhospitallist.com/punjab/ludhiana,2026-09-24,2026-09-24,synthetic_demo_data,cardiac,pending,9665537782,Public,1972-04-02,"{""Ophthalmology"":85,""Ophthalmic Surgery"":90}"
PBLUD-015,chawla nursing home,Ludhiana,Punjab,990066,"Ludhiana, Punjab (street address not published in source)",30.923516,75.827426,"{ENT,Head & Neck Surgery}","{Tonsillectomy,Endoscopic Sinus Surgery,Thyroid Surgery,Neck Dissection}",90000,384232,INR,"{Cath Lab,ICU,Cardiac Diagnostics,Pharmacy}",{NABH-style demo},True,892,Synthetic demo composite outcome: 91%,11,public,simulated,https://healthcardhospitallist.com/punjab/ludhiana,2026-09-24,2026-09-24,synthetic_demo_data,ent,pending,9914334501,Public,1979-07-07,"{""ENT"":88,""Head & Neck Surgery"":83}"
PBLUD-016,CHC Dehlon,Ludhiana,Punjab,990067,"Ludhiana, Punjab (street address not published in source)",30.889631,75.841682,"{Dermatology,Cosmetology}","{Skin Biopsy,Laser Procedures,Hair Restoration Consultation,Laser Therapy}",93000,447115,INR,"{24x7 Emergency,Pharmacy,Diagnostic Lab,Ambulance}",{ISO-style demo},True,1387,Synthetic demo composite outcome: 87%,14,public,simulated,https://healthcardhospitallist.com/punjab/ludhiana,2026-09-24,2026-09-24,synthetic_demo_data,dermatology,pending,9915752979,Public,1986-10-12,"{""Dermatology"":98,""Cosmetology"":98}"
PBLUD-017,CHC HATHUR,Ludhiana,Punjab,990068,"Ludhiana, Punjab (street address not published in source)",30.896783,75.822884,"{Psychiatry,Behavioral Health}","{Psychiatric Consultation,Counselling,Psychological Assessment}",45000,229068,INR,"{ICU,24x7 Emergency,Blood Bank,Radiology}",{Quality-certified demo},True,228,Synthetic demo composite outcome: 88%,17,public,simulated,https://healthcardhospitallist.com/punjab/ludhiana,2026-09-24,2026-09-24,synthetic_demo_data,general-surgery,pending,9779285226,Public,1993-01-17,"{""Psychiatry"":90,""Behavioral Health"":91}"
PBLUD-018,CHC KOOM KALAN,Ludhiana,Punjab,990069,"Ludhiana, Punjab (street address not published in source)",30.917143,75.880283,"{Emergency Medicine,Trauma Care}","{Emergency Stabilization,Trauma Resuscitation,Trauma Stabilization,Fracture Management}",48000,223295,INR,"{NICU,Pharmacy,Diagnostic Lab,24x7 Emergency}",{Teaching hospital demo},True,1135,Synthetic demo composite outcome: 93%,8,public,simulated,https://healthcardhospitallist.com/punjab/ludhiana,2026-09-24,2026-09-24,synthetic_demo_data,emergency,pending,9915300543,Public,2000-04-22,"{""Emergency Medicine"":92,""Trauma Care"":88}"
PBLUD-019,CHC Machhiwara,Ludhiana,Punjab,990070,"Ludhiana, Punjab (street address not published in source)",30.886265,75.860370,"{Endocrinology,Diabetology}","{Diabetes Management,Thyroid Evaluation,Diabetes Screening,Insulin Management}",51000,236030,INR,"{Dialysis Unit,ICU,Diagnostic Lab,Pharmacy}",{Not specified / demo},True,941,Synthetic demo composite outcome: 96%,7,public,simulated,https://healthcardhospitallist.com/punjab/ludhiana,2026-09-24,2026-09-24,synthetic_demo_data,renal,pending,8146705576,Public,2007-07-27,"{""Endocrinology"":98,""Diabetology"":93}"
PBLUD-020,CHC Maloud,Ludhiana,Punjab,990071,"Ludhiana, Punjab (street address not published in source)",30.869097,75.853374,"{Rheumatology,Pain Medicine}","{Arthritis Management,Autoimmune Evaluation,Pain Clinic,Nerve Blocks}",54000,266047,INR,"{Operation Theatre,ICU,Radiology,Ambulance}",{NABH-style demo},True,731,Synthetic demo composite outcome: 91%,9,public,simulated,https://healthcardhospitallist.com/punjab/ludhiana,2026-09-24,2026-09-24,synthetic_demo_data,respiratory,pending,8837628497,Public,2014-10-05,"{""Rheumatology"":92,""Pain Medicine"":91}"
PBLUD-021,CHC Manupur,Ludhiana,Punjab,990072,"Ludhiana, Punjab (street address not published in source)",30.920270,75.836035,"{General Medicine,Family Medicine}","{Outpatient Consultation,Health Screening,Primary Care}",57000,281388,INR,"{Cath Lab,ICU,Cardiac Diagnostics,Pharmacy}",{ISO-style demo},True,480,Synthetic demo composite outcome: 97%,2,public,simulated,https://healthcardhospitallist.com/punjab/ludhiana,2026-09-24,2026-09-24,synthetic_demo_data,general-surgery,pending,9417540695,Public,1965-01-10,"{""General Medicine"":91,""Family Medicine"":89}"
PBLUD-022,CHC Pakhowal,Ludhiana,Punjab,990073,"Ludhiana, Punjab (street address not published in source)",30.922304,75.838567,"{Cardiology,Internal Medicine}","{ECG,Echocardiography,Consultation,Diagnostic Evaluation}",60000,153886,INR,"{24x7 Emergency,Pharmacy,Diagnostic Lab,Ambulance}",{Quality-certified demo},True,1749,Synthetic demo composite outcome: 96%,9,public,simulated,https://healthcardhospitallist.com/punjab/ludhiana,2026-09-24,2026-09-24,synthetic_demo_data,women-health,pending,8195870200,Public,1972-04-15,"{""Cardiology"":93,""Internal Medicine"":87}"
PBLUD-023,CHC Payal,Ludhiana,Punjab,990074,"Ludhiana, Punjab (street address not published in source)",30.876896,75.824763,"{Neurology,Neurosurgery}","{EEG,MRI Brain,Craniotomy,Spine Surgery}",63000,207648,INR,"{ICU,24x7 Emergency,Blood Bank,Radiology}",{Teaching hospital demo},True,1196,Synthetic demo composite outcome: 89%,10,public,simulated,https://healthcardhospitallist.com/punjab/ludhiana,2026-09-24,2026-09-24,synthetic_demo_data,pediatrics,pending,9878313999,Public,1979-07-20,"{""Neurology"":89,""Neurosurgery"":88}"
PBLUD-024,CHC Sahnewal,Ludhiana,Punjab,990075,"Ludhiana, Punjab (street address not published in source)",30.890775,75.872279,"{Orthopedics,Joint Replacement}","{Fracture Fixation,Arthroscopy,Total Knee Replacement,Total Hip Replacement}",66000,192911,INR,"{NICU,Pharmacy,Diagnostic Lab,24x7 Emergency}",{Not specified / demo},True,464,Synthetic demo composite outcome: 92%,5,public,simulated,https://healthcardhospitallist.com/punjab/ludhiana,2026-09-24,2026-09-24,synthetic_demo_data,orthopedic,pending,9781113259,Public,1986-10-25,"{""Orthopedics"":91,""Joint Replacement"":90}"
PBLUD-025,CHC Sidhwan Bet,Ludhiana,Punjab,990076,"Ludhiana, Punjab (street address not published in source)",30.892686,75.874442,"{General Surgery,Laparoscopic Surgery}","{Appendectomy,Hernia Repair,Laparoscopic Cholecystectomy,Laparoscopic Hernia Repair}",69000,216287,INR,"{Dialysis Unit,ICU,Diagnostic Lab,Pharmacy}",{NABH-style demo},True,1648,Synthetic demo composite outcome: 93%,14,public,simulated,https://healthcardhospitallist.com/punjab/ludhiana,2026-09-24,2026-09-24,synthetic_demo_data,general-surgery,pending,7355533958,Public,1993-01-03,"{""General Surgery"":89,""Laparoscopic Surgery"":85}"
PBHOS-001,BBMB Hospital Talwara,Hoshiarpur,Punjab,990077,"Hoshiarpur, Punjab (street address not published in source)",31.523037,75.881897,"{Gastroenterology,Hepatology}","{Endoscopy,Colonoscopy,Liver Function Assessment,FibroScan}",77000,431817,INR,"{Operation Theatre,ICU,Radiology,Ambulance}",{ISO-style demo},True,784,Synthetic demo composite outcome: 88%,16,public,simulated,https://healthcardhospitallist.com/punjab/hoshiarpur,2026-09-24,2026-09-24,synthetic_demo_data,gastro,pending,9417807715,GOI,2000-04-08,"{""Gastroenterology"":90,""Hepatology"":91}"
PBHOS-002,CHC Bhol Kalota,Hoshiarpur,Punjab,990078,"Hoshiarpur, Punjab (street address not published in source)",31.538470,75.944419,"{Nephrology,Urology}","{Hemodialysis,Kidney Biopsy,TURP,Ureteroscopy}",75000,397506,INR,"{Cath Lab,ICU,Cardiac Diagnostics,Pharmacy}",{Quality-certified demo},True,1573,Synthetic demo composite outcome: 95%,5,public,simulated,https://healthcardhospitallist.com/punjab/hoshiarpur,2026-09-24,2026-09-24,synthetic_demo_data,mental-health,pending,8558960749,Public,2007-07-13,"{""Nephrology"":86,""Urology"":90}"
PBHOS-003,CHC BHUNGA,Hoshiarpur,Punjab,990079,"Hoshiarpur, Punjab (street address not published in source)",31.546539,75.895516,"{Pulmonology,Critical Care}","{Bronchoscopy,Pulmonary Function Test,Ventilator Support,Sepsis Management}",78000,423721,INR,"{24x7 Emergency,Pharmacy,Diagnostic Lab,Ambulance}",{Teaching hospital demo},True,323,Synthetic demo composite outcome: 97%,16,public,simulated,https://healthcardhospitallist.com/punjab/hoshiarpur,2026-09-24,2026-09-24,synthetic_demo_data,emergency,pending,8437383314,Public,2014-10-18,"{""Pulmonology"":88,""Critical Care"":87}"
PBHOS-004,CHC Budhabar,Hoshiarpur,Punjab,990080,"Hoshiarpur, Punjab (street address not published in source)",31.520366,75.940681,"{Oncology,Radiation Oncology}","{Chemotherapy,Cancer Screening,Radiotherapy Planning,External Beam Radiotherapy}",81000,263209,INR,"{ICU,24x7 Emergency,Blood Bank,Radiology}",{Not specified / demo},True,857,Synthetic demo composite outcome: 87%,17,public,simulated,https://healthcardhospitallist.com/punjab/hoshiarpur,2026-09-24,2026-09-24,synthetic_demo_data,oncology,pending,9855241924,Public,1965-01-23,"{""Oncology"":94,""Radiation Oncology"":92}"
PBHOS-005,CHC Hajipur,Hoshiarpur,Punjab,990081,"Hoshiarpur, Punjab (street address not published in source)",31.533934,75.932302,"{Obstetrics & Gynecology,Women’s Health}","{Normal Delivery,Cesarean Section,Antenatal Care,Gynecology Consultation}",84000,288866,INR,"{NICU,Pharmacy,Diagnostic Lab,24x7 Emergency}",{NABH-style demo},True,1459,Synthetic demo composite outcome: 97%,17,public,simulated,https://healthcardhospitallist.com/punjab/hoshiarpur,2026-09-24,2026-09-24,synthetic_demo_data,women-health,pending,9814569169,Public,1972-04-01,"{""Obstetrics & Gynecology"":85,""Women’s Health"":89}"
PBHOS-006,CHC Harta Badla,Hoshiarpur,Punjab,990082,"Hoshiarpur, Punjab (street address not published in source)",31.480882,75.887085,"{Pediatrics,Neonatology}","{Pediatric Consultation,Vaccination,NICU Care,Newborn Screening}",87000,276793,INR,"{Dialysis Unit,ICU,Diagnostic Lab,Pharmacy}",{ISO-style demo},True,1710,Synthetic demo composite outcome: 97%,5,public,simulated,https://healthcardhospitallist.com/punjab/hoshiarpur,2026-09-24,2026-09-24,synthetic_demo_data,pediatrics,pending,9815503636,Public,1979-07-06,"{""Pediatrics"":99,""Neonatology"":99}"
PBHOS-007,CHC KAMAHI DEVI,Hoshiarpur,Punjab,990083,"Hoshiarpur, Punjab (street address not published in source)",31.540088,75.937579,"{Ophthalmology,Ophthalmic Surgery}","{Cataract Surgery,LASIK Evaluation,Phacoemulsification,Vitrectomy}",90000,420721,INR,"{Operation Theatre,ICU,Radiology,Ambulance}",{Quality-certified demo},True,1474,Synthetic demo composite outcome: 94%,13,public,simulated,https://healthcardhospitallist.com/punjab/hoshiarpur,2026-09-24,2026-09-24,synthetic_demo_data,orthopedic,pending,9888822416,Public,1986-10-11,"{""Ophthalmology"":96,""Ophthalmic Surgery"":95}"
PBHOS-008,CHC Mahilpur,Hoshiarpur,Punjab,990084,"Hoshiarpur, Punjab (street address not published in source)",31.541146,75.914964,"{ENT,Head & Neck Surgery}","{Tonsillectomy,Endoscopic Sinus Surgery,Thyroid Surgery,Neck Dissection}",93000,378990,INR,"{Cath Lab,ICU,Cardiac Diagnostics,Pharmacy}",{Teaching hospital demo},True,1130,Synthetic demo composite outcome: 93%,17,public,simulated,https://healthcardhospitallist.com/punjab/hoshiarpur,2026-09-24,2026-09-24,synthetic_demo_data,ent,pending,9417305719,Public,1993-01-16,"{""ENT"":89,""Head & Neck Surgery"":94}"
PBHOS-009,CHC MAND BHANDER,Hoshiarpur,Punjab,990085,"Hoshiarpur, Punjab (street address not published in source)",31.532480,75.898972,"{Dermatology,Cosmetology}","{Skin Biopsy,Laser Procedures,Hair Restoration Consultation,Laser Therapy}",45000,175475,INR,"{24x7 Emergency,Pharmacy,Diagnostic Lab,Ambulance}",{Not specified / demo},True,1175,Synthetic demo composite outcome: 93%,5,public,simulated,https://healthcardhospitallist.com/punjab/hoshiarpur,2026-09-24,2026-09-24,synthetic_demo_data,dermatology,pending,9417881050,Public,2000-04-21,"{""Dermatology"":96,""Cosmetology"":99}"
PBHOS-010,CHC sham chaurasi,Hoshiarpur,Punjab,990086,"Hoshiarpur, Punjab (street address not published in source)",31.487983,75.931233,"{Psychiatry,Behavioral Health}","{Psychiatric Consultation,Counselling,Psychological Assessment}",48000,119030,INR,"{ICU,24x7 Emergency,Blood Bank,Radiology}",{NABH-style demo},True,706,Synthetic demo composite outcome: 97%,13,public,simulated,https://healthcardhospitallist.com/punjab/hoshiarpur,2026-09-24,2026-09-24,synthetic_demo_data,renal,pending,9803988872,Public,2007-07-26,"{""Psychiatry"":93,""Behavioral Health"":89}"
PBHOS-011,CHC Tanda,Hoshiarpur,Punjab,990087,"Hoshiarpur, Punjab (street address not published in source)",31.544222,75.893204,"{Emergency Medicine,Trauma Care}","{Emergency Stabilization,Trauma Resuscitation,Trauma Stabilization,Fracture Management}",51000,248570,INR,"{NICU,Pharmacy,Diagnostic Lab,24x7 Emergency}",{ISO-style demo},True,550,Synthetic demo composite outcome: 88%,6,public,simulated,https://healthcardhospitallist.com/punjab/hoshiarpur,2026-09-24,2026-09-24,synthetic_demo_data,emergency,pending,9814827096,Public,2014-10-04,"{""Emergency Medicine"":86,""Trauma Care"":83}"
PBHOS-012,DH Hoshiarpur,Hoshiarpur,Punjab,990088,"Hoshiarpur, Punjab (street address not published in source)",31.548149,75.925320,"{Endocrinology,Diabetology}","{Diabetes Management,Thyroid Evaluation,Diabetes Screening,Insulin Management}",54000,275441,INR,"{Dialysis Unit,ICU,Diagnostic Lab,Pharmacy}",{Quality-certified demo},True,1567,Synthetic demo composite outcome: 96%,11,public,simulated,https://healthcardhospitallist.com/punjab/hoshiarpur,2026-09-24,2026-09-24,synthetic_demo_data,oncology,pending,9815618178,Public,1965-01-09,"{""Endocrinology"":92,""Diabetology"":93}"
PBHOS-013,JHANJEE HOSPITAL,Hoshiarpur,Punjab,990089,"Hoshiarpur, Punjab (street address not published in source)",31.498546,75.925181,"{Rheumatology,Pain Medicine}","{Arthritis Management,Autoimmune Evaluation,Pain Clinic,Nerve Blocks}",77000,304987,INR,"{Operation Theatre,ICU,Radiology,Ambulance}",{Teaching hospital demo},True,675,Synthetic demo composite outcome: 92%,7,public,simulated,https://healthcardhospitallist.com/punjab/hoshiarpur,2026-09-24,2026-09-24,synthetic_demo_data,women-health,pending,9417140786,Private,1972-04-14,"{""Rheumatology"":89,""Pain Medicine"":94}"
PBHOS-014,NARADHOSPITAL MULTISPECIALITY & TRAUMA CENTRE,Hoshiarpur,Punjab,990090,"Hoshiarpur, Punjab (street address not published in source)",31.544356,75.920856,"{General Medicine,Family Medicine}","{Outpatient Consultation,Health Screening,Primary Care}",80000,370238,INR,"{Cath Lab,ICU,Cardiac Diagnostics,Pharmacy}",{Not specified / demo},True,553,Synthetic demo composite outcome: 93%,4,public,simulated,https://healthcardhospitallist.com/punjab/hoshiarpur,2026-09-24,2026-09-24,synthetic_demo_data,general-surgery,pending,9417665100,Private,1979-07-19,"{""General Medicine"":91,""Family Medicine"":90}"
PBHOS-015,PRANAV MULTISPECIALITY HOSPITAL,Hoshiarpur,Punjab,990091,"Hoshiarpur, Punjab (street address not published in source)",31.539573,75.885724,"{Cardiology,Internal Medicine}","{ECG,Echocardiography,Consultation,Diagnostic Evaluation}",83000,462436,INR,"{24x7 Emergency,Pharmacy,Diagnostic Lab,Ambulance}",{NABH-style demo},True,1400,Synthetic demo composite outcome: 96%,6,public,simulated,https://healthcardhospitallist.com/punjab/hoshiarpur,2026-09-24,2026-09-24,synthetic_demo_data,eye,pending,9023881742,Private,1986-10-24,"{""Cardiology"":96,""Internal Medicine"":96}"
PBHOS-016,PRKM MODERN HOSPITAL,Hoshiarpur,Punjab,990092,"Hoshiarpur, Punjab (street address not published in source)",31.547700,75.886949,"{Neurology,Neurosurgery}","{EEG,MRI Brain,Craniotomy,Spine Surgery}",86000,349891,INR,"{ICU,24x7 Emergency,Blood Bank,Radiology}",{ISO-style demo},True,941,Synthetic demo composite outcome: 93%,17,public,simulated,https://healthcardhospitallist.com/punjab/hoshiarpur,2026-09-24,2026-09-24,synthetic_demo_data,ent,pending,9463441784,Private,1993-01-02,"{""Neurology"":92,""Neurosurgery"":92}"
PBHOS-017,SDH DASUYA,Hoshiarpur,Punjab,990093,"Hoshiarpur, Punjab (street address not published in source)",31.515720,75.878896,"{Orthopedics,Joint Replacement}","{Fracture Fixation,Arthroscopy,Total Knee Replacement,Total Hip Replacement}",69000,253252,INR,"{NICU,Pharmacy,Diagnostic Lab,24x7 Emergency}",{Quality-certified demo},True,769,Synthetic demo composite outcome: 95%,6,public,simulated,https://healthcardhospitallist.com/punjab/hoshiarpur,2026-09-24,2026-09-24,synthetic_demo_data,orthopedic,pending,9417355600,Public,2000-04-07,"{""Orthopedics"":86,""Joint Replacement"":83}"
PBHOS-018,SDH Garhshankar,Hoshiarpur,Punjab,990094,"Hoshiarpur, Punjab (street address not published in source)",31.481872,75.900320,"{General Surgery,Laparoscopic Surgery}","{Appendectomy,Hernia Repair,Laparoscopic Cholecystectomy,Laparoscopic Hernia Repair}",72000,262350,INR,"{Dialysis Unit,ICU,Diagnostic Lab,Pharmacy}",{Teaching hospital demo},True,1433,Synthetic demo composite outcome: 97%,13,public,simulated,https://healthcardhospitallist.com/punjab/hoshiarpur,2026-09-24,2026-09-24,synthetic_demo_data,general-surgery,pending,9665272289,Public,2007-07-12,"{""General Surgery"":95,""Laparoscopic Surgery"":88}"
PBHOS-019,SDH Mukerian,Hoshiarpur,Punjab,990095,"Hoshiarpur, Punjab (street address not published in source)",31.538572,75.945513,"{Gastroenterology,Hepatology}","{Endoscopy,Colonoscopy,Liver Function Assessment,FibroScan}",75000,232100,INR,"{Operation Theatre,ICU,Radiology,Ambulance}",{Not specified / demo},True,678,Synthetic demo composite outcome: 97%,13,public,simulated,https://healthcardhospitallist.com/punjab/hoshiarpur,2026-09-24,2026-09-24,synthetic_demo_data,gastro,pending,9815081212,Public,2014-10-17,"{""Gastroenterology"":88,""Hepatology"":95}"
PBHOS-020,st joseph hospital,Hoshiarpur,Punjab,990096,"Hoshiarpur, Punjab (street address not published in source)",31.481122,75.904872,"{Nephrology,Urology}","{Hemodialysis,Kidney Biopsy,TURP,Ureteroscopy}",98000,335158,INR,"{Cath Lab,ICU,Cardiac Diagnostics,Pharmacy}",{NABH-style demo},True,339,Synthetic demo composite outcome: 96%,12,public,simulated,https://healthcardhospitallist.com/punjab/hoshiarpur,2026-09-24,2026-09-24,synthetic_demo_data,diabetes,pending,9781260219,Private,1965-01-22,"{""Nephrology"":88,""Urology"":89}"
PBHOS-021,SWAMI PREMANAND CHARITABLE HOSPITAL,Hoshiarpur,Punjab,990097,"Hoshiarpur, Punjab (street address not published in source)",31.483635,75.940594,"{Pulmonology,Critical Care}","{Bronchoscopy,Pulmonary Function Test,Ventilator Support,Sepsis Management}",101000,381989,INR,"{24x7 Emergency,Pharmacy,Diagnostic Lab,Ambulance}",{ISO-style demo},True,1339,Synthetic demo composite outcome: 87%,10,public,simulated,https://healthcardhospitallist.com/punjab/hoshiarpur,2026-09-24,2026-09-24,synthetic_demo_data,cardiac,pending,6283417466,Private,1972-04-27,"{""Pulmonology"":94,""Critical Care"":99}"
DEL-001,Acharya Shree Bhikshu Hospital,Delhi,Delhi,110015,Moti Nagar New Delhi-110015,28.615538,77.223034,"{Oncology,Radiation Oncology}","{Chemotherapy,Cancer Screening,Radiotherapy Planning,External Beam Radiotherapy}",94000,415486,INR,"{ICU,24x7 Emergency,Blood Bank,Radiology}",{Quality-certified demo},False,253,Synthetic demo composite outcome: 95%,4,official,simulated,https://health.delhi.gov.in/health/delhi-government-hospitals,2026-09-24,2026-09-24,synthetic_demo_data,oncology,approved,011-25423011,Government Hospital,1979-07-05,"{""Oncology"":93,""Radiation Oncology"":89}"
DEL-002,Ambedkar Nagar Hospital,Delhi,Delhi,110062,"Block-B, Sector-5, Dakshinpuri, New Delhi",28.592216,77.182913,"{Obstetrics & Gynecology,Women’s Health}","{Normal Delivery,Cesarean Section,Antenatal Care,Gynecology Consultation}",97000,242822,INR,"{NICU,Pharmacy,Diagnostic Lab,24x7 Emergency}",{Teaching hospital demo},False,1383,Synthetic demo composite outcome: 93%,18,official,simulated,https://health.delhi.gov.in/health/delhi-government-hospitals,2026-09-24,2026-09-24,synthetic_demo_data,women-health,approved,011-26052014,Government Hospital,1986-10-10,"{""Obstetrics & Gynecology"":95,""Women’s Health"":99}"
DEL-003,Aruna Asaf Ali Govt. Hospital,Delhi,Delhi,110054,"5-Rajpur Road, Delhi",28.602210,77.177303,"{Pediatrics,Neonatology}","{Pediatric Consultation,Vaccination,NICU Care,Newborn Screening}",100000,344605,INR,"{Dialysis Unit,ICU,Diagnostic Lab,Pharmacy}",{Not specified / demo},False,867,Synthetic demo composite outcome: 94%,14,official,simulated,https://health.delhi.gov.in/health/delhi-government-hospitals,2026-09-24,2026-09-24,synthetic_demo_data,pediatrics,approved,011-23965532,Government Hospital,1993-01-15,"{""Pediatrics"":94,""Neonatology"":93}"
DEL-004,Attar Sain Jain Hospital,Delhi,Delhi,110035,"Community Centre, Keshavpuram Industrial Area, Lawrence Road, New Delhi",28.648487,77.240900,"{Ophthalmology,Ophthalmic Surgery}","{Cataract Surgery,LASIK Evaluation,Phacoemulsification,Vitrectomy}",103000,447652,INR,"{Operation Theatre,ICU,Radiology,Ambulance}",{NABH-style demo},False,776,Synthetic demo composite outcome: 91%,3,official,simulated,https://health.delhi.gov.in/health/delhi-government-hospitals,2026-09-24,2026-09-24,synthetic_demo_data,gastro,approved,27188342,Government Hospital,2000-04-20,"{""Ophthalmology"":96,""Ophthalmic Surgery"":97}"
DEL-005,Ayurvedic & Unani Tibbia College & Hospital,Delhi,Delhi,110005,"Ajmal Khan Park, Karol Bagh, New Delhi-05",28.600928,77.233647,"{ENT,Head & Neck Surgery}","{Tonsillectomy,Endoscopic Sinus Surgery,Thyroid Surgery,Neck Dissection}",55000,208066,INR,"{Cath Lab,ICU,Cardiac Diagnostics,Pharmacy}",{ISO-style demo},False,868,Synthetic demo composite outcome: 88%,18,official,simulated,https://health.delhi.gov.in/health/delhi-government-hospitals,2026-09-24,2026-09-24,synthetic_demo_data,ent,approved,011-23524180,Government Hospital,2007-07-25,"{""ENT"":86,""Head & Neck Surgery"":89}"
DEL-006,Babu Jagjivan Ram Memorial Hospital,Delhi,Delhi,110033,"Jahangirpuri, New Delhi",28.599835,77.186502,"{Dermatology,Cosmetology}","{Skin Biopsy,Laser Procedures,Hair Restoration Consultation,Laser Therapy}",58000,251899,INR,"{24x7 Emergency,Pharmacy,Diagnostic Lab,Ambulance}",{Quality-certified demo},False,390,Synthetic demo composite outcome: 87%,5,official,simulated,https://health.delhi.gov.in/health/delhi-government-hospitals,2026-09-24,2026-09-24,synthetic_demo_data,dermatology,approved,011-27631810,Government Hospital,2014-10-03,"{""Dermatology"":90,""Cosmetology"":90}"
DEL-007,Bhagwan Mahavir Hospital,Delhi,Delhi,110034,"H-4/5, Pitampura, Delhi",28.612021,77.227690,"{Psychiatry,Behavioral Health}","{Psychiatric Consultation,Counselling,Psychological Assessment}",61000,192083,INR,"{ICU,24x7 Emergency,Blood Bank,Radiology}",{Teaching hospital demo},False,1267,Synthetic demo composite outcome: 97%,10,official,simulated,https://health.delhi.gov.in/health/delhi-government-hospitals,2026-09-24,2026-09-24,synthetic_demo_data,oncology,approved,011-27034535,Government Hospital,1965-01-08,"{""Psychiatry"":97,""Behavioral Health"":92}"
DEL-008,B R Sur Homeopathic Medical College & Hospital,Delhi,Delhi,110021,"Nanakpura, Moti Bagh, New Delhi",28.590748,77.206049,"{Emergency Medicine,Trauma Care}","{Emergency Stabilization,Trauma Resuscitation,Trauma Stabilization,Fracture Management}",64000,215881,INR,"{NICU,Pharmacy,Diagnostic Lab,24x7 Emergency}",{Not specified / demo},False,1307,Synthetic demo composite outcome: 94%,16,official,simulated,https://health.delhi.gov.in/health/delhi-government-hospitals,2026-09-24,2026-09-24,synthetic_demo_data,emergency,approved,011-24105298,Government Hospital,1972-04-13,"{""Emergency Medicine"":90,""Trauma Care"":93}"
DEL-009,Burari Hospital,Delhi,Delhi,110084,"Kaushik Enclave, Burari, Delhi",28.587479,77.203514,"{Endocrinology,Diabetology}","{Diabetes Management,Thyroid Evaluation,Diabetes Screening,Insulin Management}",67000,163083,INR,"{Dialysis Unit,ICU,Diagnostic Lab,Pharmacy}",{NABH-style demo},False,1164,Synthetic demo composite outcome: 88%,12,official,simulated,https://health.delhi.gov.in/health/delhi-government-hospitals,2026-09-24,2026-09-24,synthetic_demo_data,pediatrics,approved,011-20874505,Government Hospital,1979-07-18,"{""Endocrinology"":91,""Diabetology"":90}"
DEL-010,Deen Dayal Upadhyay Hospital,Delhi,Delhi,110064,"Hari Nagar, New Delhi",28.645722,77.200007,"{Rheumatology,Pain Medicine}","{Arthritis Management,Autoimmune Evaluation,Pain Clinic,Nerve Blocks}",70000,308186,INR,"{Operation Theatre,ICU,Radiology,Ambulance}",{ISO-style demo},False,1107,Synthetic demo composite outcome: 96%,18,official,simulated,https://health.delhi.gov.in/health/delhi-government-hospitals,2026-09-24,2026-09-24,synthetic_demo_data,eye,approved,011-25494402-08,Government Hospital,1986-10-23,"{""Rheumatology"":92,""Pain Medicine"":97}"
DEL-011,Deep Chand Bandhu Hospital,Delhi,Delhi,110052,"Kokiwala Bagh, Phase IV, Near Bharat Nagar Police Station, Ashok Vihar, New Delhi",28.619865,77.220089,"{General Medicine,Family Medicine}","{Outpatient Consultation,Health Screening,Primary Care}",73000,388309,INR,"{Cath Lab,ICU,Cardiac Diagnostics,Pharmacy}",{Quality-certified demo},False,783,Synthetic demo composite outcome: 88%,5,official,simulated,https://health.delhi.gov.in/health/delhi-government-hospitals,2026-09-24,2026-09-24,synthetic_demo_data,general-surgery,approved,011-27305953,Government Hospital,1993-01-01,"{""General Medicine"":97,""Family Medicine"":96}"
DEL-012,Dr. Baba Saheb Ambedkar Hospital,Delhi,Delhi,110085,"Sector 6, Rohini, New Delhi",28.592146,77.211541,"{Cardiology,Internal Medicine}","{ECG,Echocardiography,Consultation,Diagnostic Evaluation}",76000,353640,INR,"{24x7 Emergency,Pharmacy,Diagnostic Lab,Ambulance}",{Teaching hospital demo},False,582,Synthetic demo composite outcome: 96%,7,official,simulated,https://health.delhi.gov.in/health/delhi-government-hospitals,2026-09-24,2026-09-24,synthetic_demo_data,dermatology,approved,011-27055585,Government Hospital,2000-04-06,"{""Cardiology"":93,""Internal Medicine"":92}"
DEL-013,Dr. Hedgewar Arogya Sansthan,Delhi,Delhi,110032,"F-18, Karkardooma, Delhi",28.642532,77.214926,"{Neurology,Neurosurgery}","{EEG,MRI Brain,Craniotomy,Spine Surgery}",79000,406508,INR,"{ICU,24x7 Emergency,Blood Bank,Radiology}",{Not specified / demo},False,1239,Synthetic demo composite outcome: 97%,14,official,simulated,https://health.delhi.gov.in/health/delhi-government-hospitals,2026-09-24,2026-09-24,synthetic_demo_data,mental-health,approved,011-20822313,Government Hospital,2007-07-11,"{""Neurology"":92,""Neurosurgery"":92}"
DEL-014,Dr. N.C. Joshi Memorial Hospital,Delhi,Delhi,110005,Karol Bagh New Delhi,28.639811,77.202195,"{Orthopedics,Joint Replacement}","{Fracture Fixation,Arthroscopy,Total Knee Replacement,Total Hip Replacement}",82000,397586,INR,"{NICU,Pharmacy,Diagnostic Lab,24x7 Emergency}",{NABH-style demo},False,1167,Synthetic demo composite outcome: 90%,5,official,simulated,https://health.delhi.gov.in/health/delhi-government-hospitals,2026-09-24,2026-09-24,synthetic_demo_data,orthopedic,approved,011-23611786,Government Hospital,2014-10-16,"{""Orthopedics"":91,""Joint Replacement"":95}"
DEL-015,G.B. Pant Hospital (GIPMER),Delhi,Delhi,110002,"Jawahar Lal Nehru Marg, Delhi",28.593754,77.198937,"{General Surgery,Laparoscopic Surgery}","{Appendectomy,Hernia Repair,Laparoscopic Cholecystectomy,Laparoscopic Hernia Repair}",85000,478935,INR,"{Dialysis Unit,ICU,Diagnostic Lab,Pharmacy}",{ISO-style demo},False,1578,Synthetic demo composite outcome: 87%,17,official,simulated,https://health.delhi.gov.in/health/delhi-government-hospitals,2026-09-24,2026-09-24,synthetic_demo_data,general-surgery,approved,011-23238109,Government Hospital,1965-01-21,"{""General Surgery"":88,""Laparoscopic Surgery"":94}"
DEL-016,Guru Govind Singh Govt. Hospital,Delhi,Delhi,110027,Raghubir Nagar New Delhi,28.599590,77.215415,"{Gastroenterology,Hepatology}","{Endoscopy,Colonoscopy,Liver Function Assessment,FibroScan}",88000,443201,INR,"{Operation Theatre,ICU,Radiology,Ambulance}",{Quality-certified demo},False,1790,Synthetic demo composite outcome: 87%,14,official,simulated,https://health.delhi.gov.in/health/delhi-government-hospitals,2026-09-24,2026-09-24,synthetic_demo_data,gastro,approved,011-25984549,Government Hospital,1972-04-26,"{""Gastroenterology"":87,""Hepatology"":84}"
DEL-017,Guru Nanak Eye Center,Delhi,Delhi,110002,"Maharaja Ranjit Singh Marg, New Delhi-2",28.622209,77.229342,"{Nephrology,Urology}","{Hemodialysis,Kidney Biopsy,TURP,Ureteroscopy}",91000,295079,INR,"{Cath Lab,ICU,Cardiac Diagnostics,Pharmacy}",{Teaching hospital demo},False,937,Synthetic demo composite outcome: 94%,15,official,simulated,https://health.delhi.gov.in/health/delhi-government-hospitals,2026-09-24,2026-09-24,synthetic_demo_data,neurological,approved,011-23236931,Government Hospital,1979-07-04,"{""Nephrology"":98,""Urology"":99}"
DEL-018,Guru Teg Bahadur Hospital (GTBH),Delhi,Delhi,110095,"Dilshad Garden, Delhi",28.590901,77.209033,"{Pulmonology,Critical Care}","{Bronchoscopy,Pulmonary Function Test,Ventilator Support,Sepsis Management}",94000,269790,INR,"{24x7 Emergency,Pharmacy,Diagnostic Lab,Ambulance}",{Not specified / demo},False,1564,Synthetic demo composite outcome: 86%,10,official,simulated,https://health.delhi.gov.in/health/delhi-government-hospitals,2026-09-24,2026-09-24,synthetic_demo_data,orthopedic,approved,011-22586262,Government Hospital,1986-10-09,"{""Pulmonology"":97,""Critical Care"":96}"
DEL-019,Indira Gandhi Hospital,Delhi,Delhi,110077,"Sector 9, Dwarka, New Delhi",28.617598,77.210239,"{Oncology,Radiation Oncology}","{Chemotherapy,Cancer Screening,Radiotherapy Planning,External Beam Radiotherapy}",97000,528596,INR,"{ICU,24x7 Emergency,Blood Bank,Radiology}",{NABH-style demo},False,799,Synthetic demo composite outcome: 95%,11,official,simulated,https://health.delhi.gov.in/health/delhi-government-hospitals,2026-09-24,2026-09-24,synthetic_demo_data,oncology,approved,011-20895995,Government Hospital,1993-01-14,"{""Oncology"":91,""Radiation Oncology"":86}"
DEL-020,Jag Pravesh Chandra Hospital,Delhi,Delhi,110053,"Shastri Park, Delhi",28.606201,77.237228,"{Obstetrics & Gynecology,Women’s Health}","{Normal Delivery,Cesarean Section,Antenatal Care,Gynecology Consultation}",100000,541450,INR,"{NICU,Pharmacy,Diagnostic Lab,24x7 Emergency}",{ISO-style demo},False,484,Synthetic demo composite outcome: 92%,6,official,simulated,https://health.delhi.gov.in/health/delhi-government-hospitals,2026-09-24,2026-09-24,synthetic_demo_data,women-health,approved,011-22184453,Government Hospital,2000-04-19,"{""Obstetrics & Gynecology"":92,""Women’s Health"":91}"
HR-001,DCH Ambala City,Ambala,Haryana,990118,"Ambala, Haryana (street address not published in source)",30.360368,76.791793,"{Pediatrics,Neonatology}","{Pediatric Consultation,Vaccination,NICU Care,Newborn Screening}",103000,407632,INR,"{Dialysis Unit,ICU,Diagnostic Lab,Pharmacy}",{Quality-certified demo},False,426,Synthetic demo composite outcome: 87%,16,official,simulated,https://cdnbbsr.s3waas.gov.in/s31177967c7957072da3dc1db4ceb30e7a/uploads/2023/03/2023031313.pdf,2026-09-24,2026-09-24,synthetic_demo_data,pediatrics,pending,+91-00000-10118,Government Hospital,2007-07-24,"{""Pediatrics"":87,""Neonatology"":89}"
HR-002,SDCH Ambala Cantt.,Ambala,Haryana,990119,"Ambala, Haryana (street address not published in source)",30.347412,76.785399,"{Ophthalmology,Ophthalmic Surgery}","{Cataract Surgery,LASIK Evaluation,Phacoemulsification,Vitrectomy}",55000,168552,INR,"{Operation Theatre,ICU,Radiology,Ambulance}",{Teaching hospital demo},False,1633,Synthetic demo composite outcome: 90%,14,official,simulated,https://cdnbbsr.s3waas.gov.in/s31177967c7957072da3dc1db4ceb30e7a/uploads/2023/03/2023031313.pdf,2026-09-24,2026-09-24,synthetic_demo_data,respiratory,pending,+91-00000-10119,Government Hospital,2014-10-02,"{""Ophthalmology"":91,""Ophthalmic Surgery"":95}"
HR-003,SDCH Naraingarh,Naraingarh,Haryana,990120,"Naraingarh, Haryana (street address not published in source)",29.029904,76.109350,"{ENT,Head & Neck Surgery}","{Tonsillectomy,Endoscopic Sinus Surgery,Thyroid Surgery,Neck Dissection}",58000,160101,INR,"{Cath Lab,ICU,Cardiac Diagnostics,Pharmacy}",{Not specified / demo},False,328,Synthetic demo composite outcome: 90%,10,official,simulated,https://cdnbbsr.s3waas.gov.in/s31177967c7957072da3dc1db4ceb30e7a/uploads/2023/03/2023031313.pdf,2026-09-24,2026-09-24,synthetic_demo_data,ent,pending,+91-00000-10120,Government Hospital,1965-01-07,"{""ENT"":98,""Head & Neck Surgery"":97}"
HR-004,DCH Bhiwani,Bhiwani,Haryana,990121,"Bhiwani, Haryana (street address not published in source)",29.088259,76.058303,"{Dermatology,Cosmetology}","{Skin Biopsy,Laser Procedures,Hair Restoration Consultation,Laser Therapy}",61000,237141,INR,"{24x7 Emergency,Pharmacy,Diagnostic Lab,Ambulance}",{NABH-style demo},False,1495,Synthetic demo composite outcome: 93%,3,official,simulated,https://cdnbbsr.s3waas.gov.in/s31177967c7957072da3dc1db4ceb30e7a/uploads/2023/03/2023031313.pdf,2026-09-24,2026-09-24,synthetic_demo_data,dermatology,pending,+91-00000-10121,Government Hospital,1972-04-12,"{""Dermatology"":89,""Cosmetology"":88}"
HR-005,KLJ Govt. Eye Hospital Bhiwani,Bhiwani,Haryana,990122,"Bhiwani, Haryana (street address not published in source)",29.026113,76.052550,"{Psychiatry,Behavioral Health}","{Psychiatric Consultation,Counselling,Psychological Assessment}",64000,307532,INR,"{ICU,24x7 Emergency,Blood Bank,Radiology}",{ISO-style demo},False,188,Synthetic demo composite outcome: 91%,18,official,simulated,https://cdnbbsr.s3waas.gov.in/s31177967c7957072da3dc1db4ceb30e7a/uploads/2023/03/2023031313.pdf,2026-09-24,2026-09-24,synthetic_demo_data,pediatrics,pending,+91-00000-10122,Government Hospital,1979-07-17,"{""Psychiatry"":89,""Behavioral Health"":90}"
HR-006,SDCH Loharu,Loharu,Haryana,990123,"Loharu, Haryana (street address not published in source)",29.072337,76.075603,"{Emergency Medicine,Trauma Care}","{Emergency Stabilization,Trauma Resuscitation,Trauma Stabilization,Fracture Management}",67000,184462,INR,"{NICU,Pharmacy,Diagnostic Lab,24x7 Emergency}",{Quality-certified demo},False,1262,Synthetic demo composite outcome: 94%,12,official,simulated,https://cdnbbsr.s3waas.gov.in/s31177967c7957072da3dc1db4ceb30e7a/uploads/2023/03/2023031313.pdf,2026-09-24,2026-09-24,synthetic_demo_data,emergency,pending,+91-00000-10123,Government Hospital,1986-10-22,"{""Emergency Medicine"":89,""Trauma Care"":89}"
HR-007,SDCH Bawani Khera,Bawani Khera,Haryana,990124,"Bawani Khera, Haryana (street address not published in source)",29.074255,76.117109,"{Endocrinology,Diabetology}","{Diabetes Management,Thyroid Evaluation,Diabetes Screening,Insulin Management}",70000,350052,INR,"{Dialysis Unit,ICU,Diagnostic Lab,Pharmacy}",{Teaching hospital demo},False,833,Synthetic demo composite outcome: 89%,7,official,simulated,https://cdnbbsr.s3waas.gov.in/s31177967c7957072da3dc1db4ceb30e7a/uploads/2023/03/2023031313.pdf,2026-09-24,2026-09-24,synthetic_demo_data,ent,pending,+91-00000-10124,Government Hospital,1993-01-27,"{""Endocrinology"":97,""Diabetology"":95}"
HR-008,CH Deorala,Deorala,Haryana,990125,"Deorala, Haryana (street address not published in source)",29.056995,76.099231,"{Rheumatology,Pain Medicine}","{Arthritis Management,Autoimmune Evaluation,Pain Clinic,Nerve Blocks}",73000,377770,INR,"{Operation Theatre,ICU,Radiology,Ambulance}",{Not specified / demo},False,326,Synthetic demo composite outcome: 90%,3,official,simulated,https://cdnbbsr.s3waas.gov.in/s31177967c7957072da3dc1db4ceb30e7a/uploads/2023/03/2023031313.pdf,2026-09-24,2026-09-24,synthetic_demo_data,dermatology,pending,+91-00000-10125,Government Hospital,2000-04-05,"{""Rheumatology"":95,""Pain Medicine"":92}"
HR-009,SDCH Tosham,Tosham,Haryana,990126,"Tosham, Haryana (street address not published in source)",29.024912,76.088496,"{General Medicine,Family Medicine}","{Outpatient Consultation,Health Screening,Primary Care}",76000,379666,INR,"{Cath Lab,ICU,Cardiac Diagnostics,Pharmacy}",{NABH-style demo},False,1428,Synthetic demo composite outcome: 92%,12,official,simulated,https://cdnbbsr.s3waas.gov.in/s31177967c7957072da3dc1db4ceb30e7a/uploads/2023/03/2023031313.pdf,2026-09-24,2026-09-24,synthetic_demo_data,general-surgery,pending,+91-00000-10126,Government Hospital,2007-07-10,"{""General Medicine"":93,""Family Medicine"":92}"
HR-010,SDCH Siwani,Siwani,Haryana,990127,"Siwani, Haryana (street address not published in source)",29.033780,76.080432,"{Cardiology,Internal Medicine}","{ECG,Echocardiography,Consultation,Diagnostic Evaluation}",79000,340631,INR,"{24x7 Emergency,Pharmacy,Diagnostic Lab,Ambulance}",{ISO-style demo},False,840,Synthetic demo composite outcome: 89%,12,official,simulated,https://cdnbbsr.s3waas.gov.in/s31177967c7957072da3dc1db4ceb30e7a/uploads/2023/03/2023031313.pdf,2026-09-24,2026-09-24,synthetic_demo_data,emergency,pending,+91-00000-10127,Government Hospital,2014-10-15,"{""Cardiology"":90,""Internal Medicine"":86}"
HR-011,DCH Charkhi Dadri,Charkhi Dadri,Haryana,990128,"Charkhi Dadri, Haryana (street address not published in source)",29.033852,76.074408,"{Neurology,Neurosurgery}","{EEG,MRI Brain,Craniotomy,Spine Surgery}",82000,243504,INR,"{ICU,24x7 Emergency,Blood Bank,Radiology}",{Quality-certified demo},False,1562,Synthetic demo composite outcome: 93%,18,official,simulated,https://cdnbbsr.s3waas.gov.in/s31177967c7957072da3dc1db4ceb30e7a/uploads/2023/03/2023031313.pdf,2026-09-24,2026-09-24,synthetic_demo_data,diabetes,pending,+91-00000-10128,Government Hospital,1965-01-20,"{""Neurology"":91,""Neurosurgery"":94}"
HR-012,DCH Fatehabad,Fatehabad,Haryana,990129,"Fatehabad, Haryana (street address not published in source)",29.061859,76.050704,"{Orthopedics,Joint Replacement}","{Fracture Fixation,Arthroscopy,Total Knee Replacement,Total Hip Replacement}",85000,467127,INR,"{NICU,Pharmacy,Diagnostic Lab,24x7 Emergency}",{Teaching hospital demo},False,602,Synthetic demo composite outcome: 87%,4,official,simulated,https://cdnbbsr.s3waas.gov.in/s31177967c7957072da3dc1db4ceb30e7a/uploads/2023/03/2023031313.pdf,2026-09-24,2026-09-24,synthetic_demo_data,orthopedic,pending,+91-00000-10129,Government Hospital,1972-04-25,"{""Orthopedics"":90,""Joint Replacement"":96}"
HR-013,SDCH Tohana,Tohana,Haryana,990130,"Tohana, Haryana (street address not published in source)",29.037869,76.060302,"{General Surgery,Laparoscopic Surgery}","{Appendectomy,Hernia Repair,Laparoscopic Cholecystectomy,Laparoscopic Hernia Repair}",88000,333526,INR,"{Dialysis Unit,ICU,Diagnostic Lab,Pharmacy}",{Not specified / demo},False,382,Synthetic demo composite outcome: 91%,14,official,simulated,https://cdnbbsr.s3waas.gov.in/s31177967c7957072da3dc1db4ceb30e7a/uploads/2023/03/2023031313.pdf,2026-09-24,2026-09-24,synthetic_demo_data,general-surgery,pending,+91-00000-10130,Government Hospital,1979-07-03,"{""General Surgery"":89,""Laparoscopic Surgery"":91}"
HR-014,SDCH Ratia,Ratia,Haryana,990131,"Ratia, Haryana (street address not published in source)",29.084734,76.082356,"{Gastroenterology,Hepatology}","{Endoscopy,Colonoscopy,Liver Function Assessment,FibroScan}",91000,441227,INR,"{Operation Theatre,ICU,Radiology,Ambulance}",{NABH-style demo},False,1275,Synthetic demo composite outcome: 90%,7,official,simulated,https://cdnbbsr.s3waas.gov.in/s31177967c7957072da3dc1db4ceb30e7a/uploads/2023/03/2023031313.pdf,2026-09-24,2026-09-24,synthetic_demo_data,gastro,pending,+91-00000-10131,Government Hospital,1986-10-08,"{""Gastroenterology"":86,""Hepatology"":84}"
HR-015,B.K.CH Faridabad,Faridabad,Haryana,990132,"Faridabad, Haryana (street address not published in source)",28.430759,77.289579,"{Nephrology,Urology}","{Hemodialysis,Kidney Biopsy,TURP,Ureteroscopy}",94000,523224,INR,"{Cath Lab,ICU,Cardiac Diagnostics,Pharmacy}",{ISO-style demo},False,1627,Synthetic demo composite outcome: 96%,13,official,simulated,https://cdnbbsr.s3waas.gov.in/s31177967c7957072da3dc1db4ceb30e7a/uploads/2023/03/2023031313.pdf,2026-09-24,2026-09-24,synthetic_demo_data,general-surgery,pending,+91-00000-10132,Government Hospital,1993-01-13,"{""Nephrology"":97,""Urology"":98}"
HP-001,"Regional Hospital, Bilaspur",Bilaspur,Himachal Pradesh,990133,"Bilaspur, Himachal Pradesh (street address not published in source)",31.320403,76.770302,"{Pulmonology,Critical Care}","{Bronchoscopy,Pulmonary Function Test,Ventilator Support,Sepsis Management}",97000,495866,INR,"{24x7 Emergency,Pharmacy,Diagnostic Lab,Ambulance}",{Quality-certified demo},False,1024,Synthetic demo composite outcome: 93%,8,official,simulated,https://himachal.nic.in/WriteReadData/l892s/19_l892s/1513933671.pdf,2026-09-24,2026-09-24,synthetic_demo_data,gastro,pending,+91-00000-10133,Government Hospital,2000-04-18,"{""Pulmonology"":94,""Critical Care"":95}"
HP-002,"Civil Hospital, Ghumarwin",Ghumarwin,Himachal Pradesh,990134,"Ghumarwin, Himachal Pradesh (street address not published in source)",31.103536,77.205555,"{Oncology,Radiation Oncology}","{Chemotherapy,Cancer Screening,Radiotherapy Planning,External Beam Radiotherapy}",100000,558814,INR,"{ICU,24x7 Emergency,Blood Bank,Radiology}",{Teaching hospital demo},False,1256,Synthetic demo composite outcome: 95%,4,official,simulated,https://himachal.nic.in/WriteReadData/l892s/19_l892s/1513933671.pdf,2026-09-24,2026-09-24,synthetic_demo_data,oncology,pending,+91-00000-10134,Government Hospital,2007-07-23,"{""Oncology"":90,""Radiation Oncology"":88}"
HP-003,"Regional Hospital, Chamba",Chamba,Himachal Pradesh,990135,"Chamba, Himachal Pradesh (street address not published in source)",32.565332,76.106225,"{Obstetrics & Gynecology,Women’s Health}","{Normal Delivery,Cesarean Section,Antenatal Care,Gynecology Consultation}",103000,505302,INR,"{NICU,Pharmacy,Diagnostic Lab,24x7 Emergency}",{Not specified / demo},False,1675,Synthetic demo composite outcome: 89%,6,official,simulated,https://himachal.nic.in/WriteReadData/l892s/19_l892s/1513933671.pdf,2026-09-24,2026-09-24,synthetic_demo_data,women-health,pending,+91-00000-10135,Government Hospital,2014-10-01,"{""Obstetrics & Gynecology"":85,""Women’s Health"":88}"
HP-004,"Civil Hospital, Chowari",Chowari,Himachal Pradesh,990136,"Chowari, Himachal Pradesh (street address not published in source)",31.102929,77.194048,"{Pediatrics,Neonatology}","{Pediatric Consultation,Vaccination,NICU Care,Newborn Screening}",55000,199153,INR,"{Dialysis Unit,ICU,Diagnostic Lab,Pharmacy}",{NABH-style demo},False,228,Synthetic demo composite outcome: 96%,18,official,simulated,https://himachal.nic.in/WriteReadData/l892s/19_l892s/1513933671.pdf,2026-09-24,2026-09-24,synthetic_demo_data,pediatrics,pending,+91-00000-10136,Government Hospital,1965-01-06,"{""Pediatrics"":86,""Neonatology"":90}"
HP-005,"Regional Hospital, Hamirpur",Hamirpur,Himachal Pradesh,990137,"Hamirpur, Himachal Pradesh (street address not published in source)",31.707930,76.531999,"{Ophthalmology,Ophthalmic Surgery}","{Cataract Surgery,LASIK Evaluation,Phacoemulsification,Vitrectomy}",58000,251990,INR,"{Operation Theatre,ICU,Radiology,Ambulance}",{ISO-style demo},False,556,Synthetic demo composite outcome: 95%,15,official,simulated,https://himachal.nic.in/WriteReadData/l892s/19_l892s/1513933671.pdf,2026-09-24,2026-09-24,synthetic_demo_data,women-health,pending,+91-00000-10137,Government Hospital,1972-04-11,"{""Ophthalmology"":88,""Ophthalmic Surgery"":85}"
HP-006,"Zonal Hospital, Dharamsala",Dharamsala,Himachal Pradesh,990138,"Dharamsala, Himachal Pradesh (street address not published in source)",31.083980,77.189502,"{ENT,Head & Neck Surgery}","{Tonsillectomy,Endoscopic Sinus Surgery,Thyroid Surgery,Neck Dissection}",61000,339174,INR,"{Cath Lab,ICU,Cardiac Diagnostics,Pharmacy}",{Quality-certified demo},False,594,Synthetic demo composite outcome: 97%,12,official,simulated,https://himachal.nic.in/WriteReadData/l892s/19_l892s/1513933671.pdf,2026-09-24,2026-09-24,synthetic_demo_data,ent,pending,+91-00000-10138,Government Hospital,1979-07-16,"{""ENT"":90,""Head & Neck Surgery"":90}"
HP-007,"Civil Hospital, Nurpur",Nurpur,Himachal Pradesh,990139,"Nurpur, Himachal Pradesh (street address not published in source)",31.085599,77.176742,"{Dermatology,Cosmetology}","{Skin Biopsy,Laser Procedures,Hair Restoration Consultation,Laser Therapy}",64000,194823,INR,"{24x7 Emergency,Pharmacy,Diagnostic Lab,Ambulance}",{Teaching hospital demo},False,372,Synthetic demo composite outcome: 91%,7,official,simulated,https://himachal.nic.in/WriteReadData/l892s/19_l892s/1513933671.pdf,2026-09-24,2026-09-24,synthetic_demo_data,dermatology,pending,+91-00000-10139,Government Hospital,1986-10-21,"{""Dermatology"":91,""Cosmetology"":90}"
HP-008,"Civil Hospital, Palampur",Palampur,Himachal Pradesh,990140,"Palampur, Himachal Pradesh (street address not published in source)",31.085103,77.161098,"{Psychiatry,Behavioral Health}","{Psychiatric Consultation,Counselling,Psychological Assessment}",67000,228421,INR,"{ICU,24x7 Emergency,Blood Bank,Radiology}",{Not specified / demo},False,1788,Synthetic demo composite outcome: 94%,13,official,simulated,https://himachal.nic.in/WriteReadData/l892s/19_l892s/1513933671.pdf,2026-09-24,2026-09-24,synthetic_demo_data,ent,pending,+91-00000-10140,Government Hospital,1993-01-26,"{""Psychiatry"":88,""Behavioral Health"":86}"
HP-009,"Regional Hospital, Reckong-Peo",Reckong-Peo,Himachal Pradesh,990141,"Reckong-Peo, Himachal Pradesh (street address not published in source)",31.080948,77.189084,"{Emergency Medicine,Trauma Care}","{Emergency Stabilization,Trauma Resuscitation,Trauma Stabilization,Fracture Management}",70000,323083,INR,"{NICU,Pharmacy,Diagnostic Lab,24x7 Emergency}",{NABH-style demo},False,530,Synthetic demo composite outcome: 89%,8,official,simulated,https://himachal.nic.in/WriteReadData/l892s/19_l892s/1513933671.pdf,2026-09-24,2026-09-24,synthetic_demo_data,emergency,pending,+91-00000-10141,Government Hospital,2000-04-04,"{""Emergency Medicine"":86,""Trauma Care"":84}"
HP-010,"Regional Hospital, Kullu",Kullu,Himachal Pradesh,990142,"Kullu, Himachal Pradesh (street address not published in source)",31.943503,77.142113,"{Endocrinology,Diabetology}","{Diabetes Management,Thyroid Evaluation,Diabetes Screening,Insulin Management}",73000,400087,INR,"{Dialysis Unit,ICU,Diagnostic Lab,Pharmacy}",{ISO-style demo},False,1758,Synthetic demo composite outcome: 95%,14,official,simulated,https://himachal.nic.in/WriteReadData/l892s/19_l892s/1513933671.pdf,2026-09-24,2026-09-24,synthetic_demo_data,mental-health,pending,+91-00000-10142,Government Hospital,2007-07-09,"{""Endocrinology"":87,""Diabetology"":86}"
HP-011,"Regional Hospital, Keylong",Keylong,Himachal Pradesh,990143,"Keylong, Himachal Pradesh (street address not published in source)",31.117106,77.167432,"{Rheumatology,Pain Medicine}","{Arthritis Management,Autoimmune Evaluation,Pain Clinic,Nerve Blocks}",76000,305369,INR,"{Operation Theatre,ICU,Radiology,Ambulance}",{Quality-certified demo},False,477,Synthetic demo composite outcome: 86%,18,official,simulated,https://himachal.nic.in/WriteReadData/l892s/19_l892s/1513933671.pdf,2026-09-24,2026-09-24,synthetic_demo_data,emergency,pending,+91-00000-10143,Government Hospital,2014-10-14,"{""Rheumatology"":86,""Pain Medicine"":92}"
HP-012,"Zonal Hospital, Mandi",Mandi,Himachal Pradesh,990144,"Mandi, Himachal Pradesh (street address not published in source)",31.739314,76.938566,"{General Medicine,Family Medicine}","{Outpatient Consultation,Health Screening,Primary Care}",79000,387876,INR,"{Cath Lab,ICU,Cardiac Diagnostics,Pharmacy}",{Teaching hospital demo},False,1740,Synthetic demo composite outcome: 90%,4,official,simulated,https://himachal.nic.in/WriteReadData/l892s/19_l892s/1513933671.pdf,2026-09-24,2026-09-24,synthetic_demo_data,general-surgery,pending,+91-00000-10144,Government Hospital,1965-01-19,"{""General Medicine"":93,""Family Medicine"":93}"
HP-013,"Civil Hospital, Sundernagar",Sundernagar,Himachal Pradesh,990145,"Sundernagar, Himachal Pradesh (street address not published in source)",31.136128,77.169017,"{Cardiology,Internal Medicine}","{ECG,Echocardiography,Consultation,Diagnostic Evaluation}",82000,274604,INR,"{24x7 Emergency,Pharmacy,Diagnostic Lab,Ambulance}",{Not specified / demo},False,726,Synthetic demo composite outcome: 93%,12,official,simulated,https://himachal.nic.in/WriteReadData/l892s/19_l892s/1513933671.pdf,2026-09-24,2026-09-24,synthetic_demo_data,cardiac,pending,+91-00000-10145,Government Hospital,1972-04-24,"{""Cardiology"":94,""Internal Medicine"":95}"
HP-014,"DDU Zonal Hospital, Shimla",Shimla,Himachal Pradesh,990146,"Shimla, Himachal Pradesh (street address not published in source)",31.088258,77.185404,"{Neurology,Neurosurgery}","{EEG,MRI Brain,Craniotomy,Spine Surgery}",85000,305908,INR,"{ICU,24x7 Emergency,Blood Bank,Radiology}",{NABH-style demo},False,984,Synthetic demo composite outcome: 89%,6,official,simulated,https://himachal.nic.in/WriteReadData/l892s/19_l892s/1513933671.pdf,2026-09-24,2026-09-24,synthetic_demo_data,neurological,pending,+91-00000-10146,Government Hospital,1979-07-02,"{""Neurology"":94,""Neurosurgery"":91}"
HP-015,"Civil Hospital, Khaneri (Rampur)",Rampur,Himachal Pradesh,990147,"Rampur, Himachal Pradesh (street address not published in source)",31.135167,77.202919,"{Orthopedics,Joint Replacement}","{Fracture Fixation,Arthroscopy,Total Knee Replacement,Total Hip Replacement}",88000,432874,INR,"{NICU,Pharmacy,Diagnostic Lab,24x7 Emergency}",{ISO-style demo},False,755,Synthetic demo composite outcome: 86%,17,official,simulated,https://himachal.nic.in/WriteReadData/l892s/19_l892s/1513933671.pdf,2026-09-24,2026-09-24,synthetic_demo_data,orthopedic,pending,+91-00000-10147,Government Hospital,1986-10-07,"{""Orthopedics"":90,""Joint Replacement"":89}"
HP-016,"Regional Hospital, Nahan",Nahan,Himachal Pradesh,990148,"Nahan, Himachal Pradesh (street address not published in source)",31.132972,77.200494,"{General Surgery,Laparoscopic Surgery}","{Appendectomy,Hernia Repair,Laparoscopic Cholecystectomy,Laparoscopic Hernia Repair}",91000,384418,INR,"{Dialysis Unit,ICU,Diagnostic Lab,Pharmacy}",{Quality-certified demo},False,1446,Synthetic demo composite outcome: 87%,6,official,simulated,https://himachal.nic.in/WriteReadData/l892s/19_l892s/1513933671.pdf,2026-09-24,2026-09-24,synthetic_demo_data,general-surgery,pending,+91-00000-10148,Government Hospital,1993-01-12,"{""General Surgery"":88,""Laparoscopic Surgery"":90}"
HP-017,"Regional Hospital, Solan",Solan,Himachal Pradesh,990149,"Solan, Himachal Pradesh (street address not published in source)",30.882159,77.123732,"{Gastroenterology,Hepatology}","{Endoscopy,Colonoscopy,Liver Function Assessment,FibroScan}",94000,473676,INR,"{Operation Theatre,ICU,Radiology,Ambulance}",{Teaching hospital demo},False,1455,Synthetic demo composite outcome: 88%,11,official,simulated,https://himachal.nic.in/WriteReadData/l892s/19_l892s/1513933671.pdf,2026-09-24,2026-09-24,synthetic_demo_data,gastro,pending,+91-00000-10149,Government Hospital,2000-04-17,"{""Gastroenterology"":92,""Hepatology"":86}"
HP-018,"Regional Hospital, Una",Una,Himachal Pradesh,990150,"Una, Himachal Pradesh (street address not published in source)",31.478688,76.262478,"{Nephrology,Urology}","{Hemodialysis,Kidney Biopsy,TURP,Ureteroscopy}",97000,292550,INR,"{Cath Lab,ICU,Cardiac Diagnostics,Pharmacy}",{Not specified / demo},False,494,Synthetic demo composite outcome: 92%,4,official,simulated,https://himachal.nic.in/WriteReadData/l892s/19_l892s/1513933671.pdf,2026-09-24,2026-09-24,synthetic_demo_data,renal,pending,+91-00000-10150,Government Hospital,2007-07-22,"{""Nephrology"":89,""Urology"":85}"
JKSRI-001,Government Bone & Joint Hospital,Srinagar,Jammu & Kashmir,190005,"Srinagar, Jammu & Kashmir (street address not published in source)",34.049152,74.800752,"{Pulmonology,Critical Care}","{Bronchoscopy,Pulmonary Function Test,Ventilator Support,Sepsis Management}",100000,277966,INR,"{24x7 Emergency,Pharmacy,Diagnostic Lab,Ambulance}",{NABH-style demo},False,1253,Synthetic demo composite outcome: 96%,5,official,simulated,https://srinagar.nic.in/public-utility-category/hospitals/,2026-09-24,2026-09-24,synthetic_demo_data,respiratory,approved,01942430149,Government Hospital,2014-10-27,"{""Pulmonology"":93,""Critical Care"":89}"
JKSRI-002,Government Chest Disease Hospital Srinagar,Srinagar,Jammu & Kashmir,190001,"Srinagar, Jammu & Kashmir (street address not published in source)",34.084987,74.795227,"{Oncology,Radiation Oncology}","{Chemotherapy,Cancer Screening,Radiotherapy Planning,External Beam Radiotherapy}",103000,538310,INR,"{ICU,24x7 Emergency,Blood Bank,Radiology}",{ISO-style demo},False,548,Synthetic demo composite outcome: 97%,10,official,simulated,https://srinagar.nic.in/public-utility-category/hospitals/,2026-09-24,2026-09-24,synthetic_demo_data,oncology,approved,01942501785,Government Hospital,1965-01-05,"{""Oncology"":94,""Radiation Oncology"":96}"
JKSRI-003,Government Children Hospital,Srinagar,Jammu & Kashmir,190018,"Srinagar, Jammu & Kashmir (street address not published in source)",34.107876,74.765504,"{Obstetrics & Gynecology,Women’s Health}","{Normal Delivery,Cesarean Section,Antenatal Care,Gynecology Consultation}",55000,151992,INR,"{NICU,Pharmacy,Diagnostic Lab,24x7 Emergency}",{Quality-certified demo},False,1324,Synthetic demo composite outcome: 89%,15,official,simulated,https://srinagar.nic.in/public-utility-category/hospitals/,2026-09-24,2026-09-24,synthetic_demo_data,women-health,approved,01942491908,Government Hospital,1972-04-10,"{""Obstetrics & Gynecology"":97,""Women’s Health"":94}"
JKSRI-004,Kashmir Government Nursing Home,Srinagar,Jammu & Kashmir,190001,"Srinagar, Jammu & Kashmir (street address not published in source)",34.070504,74.829263,"{Pediatrics,Neonatology}","{Pediatric Consultation,Vaccination,NICU Care,Newborn Screening}",58000,185342,INR,"{Dialysis Unit,ICU,Diagnostic Lab,Pharmacy}",{Teaching hospital demo},False,635,Synthetic demo composite outcome: 86%,18,official,simulated,https://srinagar.nic.in/public-utility-category/hospitals/,2026-09-24,2026-09-24,synthetic_demo_data,pediatrics,approved,7006980922,Government Hospital,1979-07-15,"{""Pediatrics"":93,""Neonatology"":87}"
JKSRI-005,Govt. Dental College & Hospital,Srinagar,Jammu & Kashmir,190010,"Srinagar, Jammu & Kashmir (street address not published in source)",34.074149,74.797578,"{Ophthalmology,Ophthalmic Surgery}","{Cataract Surgery,LASIK Evaluation,Phacoemulsification,Vitrectomy}",61000,212540,INR,"{Operation Theatre,ICU,Radiology,Ambulance}",{Not specified / demo},False,1654,Synthetic demo composite outcome: 87%,11,official,simulated,https://srinagar.nic.in/public-utility-category/hospitals/,2026-09-24,2026-09-24,synthetic_demo_data,eye,approved,194-2504701,Government Hospital,1986-10-20,"{""Ophthalmology"":84,""Ophthalmic Surgery"":85}"
JKSRI-006,Psychiatric Hospital Srinagar,Srinagar,Jammu & Kashmir,190003,"Srinagar, Jammu & Kashmir (street address not published in source)",34.108630,74.831705,"{ENT,Head & Neck Surgery}","{Tonsillectomy,Endoscopic Sinus Surgery,Thyroid Surgery,Neck Dissection}",64000,347246,INR,"{Cath Lab,ICU,Cardiac Diagnostics,Pharmacy}",{NABH-style demo},False,520,Synthetic demo composite outcome: 91%,12,official,simulated,https://srinagar.nic.in/public-utility-category/hospitals/,2026-09-24,2026-09-24,synthetic_demo_data,ent,approved,9796527260,Government Hospital,1993-01-25,"{""ENT"":91,""Head & Neck Surgery"":88}"
JKSRI-007,L D Hospital Srinagar,Srinagar,Jammu & Kashmir,190001,"Srinagar, Jammu & Kashmir (street address not published in source)",34.093514,74.811655,"{Dermatology,Cosmetology}","{Skin Biopsy,Laser Procedures,Hair Restoration Consultation,Laser Therapy}",67000,271780,INR,"{24x7 Emergency,Pharmacy,Diagnostic Lab,Ambulance}",{ISO-style demo},False,1342,Synthetic demo composite outcome: 92%,16,official,simulated,https://srinagar.nic.in/public-utility-category/hospitals/,2026-09-24,2026-09-24,synthetic_demo_data,dermatology,approved,01942313714,Government Hospital,2000-04-03,"{""Dermatology"":84,""Cosmetology"":83}"
JKSRI-008,Shri Maharaja Hari Singh Hospital Srinagar,Srinagar,Jammu & Kashmir,190010,"Srinagar, Jammu & Kashmir (street address not published in source)",34.107701,74.804904,"{Psychiatry,Behavioral Health}","{Psychiatric Consultation,Counselling,Psychological Assessment}",70000,339083,INR,"{ICU,24x7 Emergency,Blood Bank,Radiology}",{Quality-certified demo},False,902,Synthetic demo composite outcome: 86%,6,official,simulated,https://srinagar.nic.in/public-utility-category/hospitals/,2026-09-24,2026-09-24,synthetic_demo_data,mental-health,approved,01942504801,Government Hospital,2007-07-08,"{""Psychiatry"":88,""Behavioral Health"":87}"
JKSRI-009,"Super Speciality Hospital, Srinagar",Srinagar,Jammu & Kashmir,190010,"Srinagar, Jammu & Kashmir (street address not published in source)",34.099873,74.827192,"{Emergency Medicine,Trauma Care}","{Emergency Stabilization,Trauma Resuscitation,Trauma Stabilization,Fracture Management}",73000,297069,INR,"{NICU,Pharmacy,Diagnostic Lab,24x7 Emergency}",{Teaching hospital demo},False,726,Synthetic demo composite outcome: 93%,9,official,simulated,https://srinagar.nic.in/public-utility-category/hospitals/,2026-09-24,2026-09-24,synthetic_demo_data,emergency,approved,01942503247,Government Hospital,2014-10-13,"{""Emergency Medicine"":93,""Trauma Care"":87}"
JKSRI-010,Government Maternity Home Sanatnagar Srinagar,Srinagar,Jammu & Kashmir,990160,"Srinagar, Jammu & Kashmir (street address not published in source)",34.068186,74.764751,"{Endocrinology,Diabetology}","{Diabetes Management,Thyroid Evaluation,Diabetes Screening,Insulin Management}",76000,244416,INR,"{Dialysis Unit,ICU,Diagnostic Lab,Pharmacy}",{Not specified / demo},False,1020,Synthetic demo composite outcome: 86%,3,official,simulated,https://srinagar.nic.in/public-utility-category/hospitals/,2026-09-24,2026-09-24,synthetic_demo_data,diabetes,approved,+91-00000-10160,Government Hospital,1965-01-18,"{""Endocrinology"":91,""Diabetology"":87}"
JKJAM-001,GMC Hospital,Jammu,Jammu & Kashmir,990161,"Jammu, Jammu & Kashmir (street address not published in source)",32.714966,74.869166,"{Rheumatology,Pain Medicine}","{Arthritis Management,Autoimmune Evaluation,Pain Clinic,Nerve Blocks}",79000,447959,INR,"{Operation Theatre,ICU,Radiology,Ambulance}",{NABH-style demo},False,1389,Synthetic demo composite outcome: 88%,9,official,simulated,https://jammu.nic.in/helpline/,2026-09-24,2026-09-24,synthetic_demo_data,cardiac,pending,2584290,Government Hospital,1972-04-23,"{""Rheumatology"":92,""Pain Medicine"":87}"
JKJAM-002,S.M.G.S. Hospital,Jammu,Jammu & Kashmir,990162,"Jammu, Jammu & Kashmir (street address not published in source)",32.750922,74.884160,"{General Medicine,Family Medicine}","{Outpatient Consultation,Health Screening,Primary Care}",82000,364938,INR,"{Cath Lab,ICU,Cardiac Diagnostics,Pharmacy}",{ISO-style demo},False,587,Synthetic demo composite outcome: 87%,16,official,simulated,https://jammu.nic.in/helpline/,2026-09-24,2026-09-24,synthetic_demo_data,general-surgery,pending,2547635,Government Hospital,1979-07-01,"{""General Medicine"":89,""Family Medicine"":93}"
JKJAM-003,C.D. Hospital,Jammu,Jammu & Kashmir,990163,"Jammu, Jammu & Kashmir (street address not published in source)",32.718532,74.853416,"{Cardiology,Internal Medicine}","{ECG,Echocardiography,Consultation,Diagnostic Evaluation}",85000,334770,INR,"{24x7 Emergency,Pharmacy,Diagnostic Lab,Ambulance}",{Quality-certified demo},False,1341,Synthetic demo composite outcome: 89%,18,official,simulated,https://jammu.nic.in/helpline/,2026-09-24,2026-09-24,synthetic_demo_data,orthopedic,pending,2577064,Government Hospital,1986-10-06,"{""Cardiology"":91,""Internal Medicine"":87}"
JKJAM-004,Dental Hospital,Jammu,Jammu & Kashmir,990164,"Jammu, Jammu & Kashmir (street address not published in source)",32.754306,74.828968,"{Neurology,Neurosurgery}","{EEG,MRI Brain,Craniotomy,Spine Surgery}",88000,230609,INR,"{ICU,24x7 Emergency,Blood Bank,Radiology}",{Teaching hospital demo},False,1793,Synthetic demo composite outcome: 97%,5,official,simulated,https://jammu.nic.in/helpline/,2026-09-24,2026-09-24,synthetic_demo_data,general-surgery,pending,2544670,Government Hospital,1993-01-11,"{""Neurology"":95,""Neurosurgery"":92}"
JKJAM-005,Gandhi Nagar Hospital,Jammu,Jammu & Kashmir,990165,"Jammu, Jammu & Kashmir (street address not published in source)",32.709137,74.885586,"{Orthopedics,Joint Replacement}","{Fracture Fixation,Arthroscopy,Total Knee Replacement,Total Hip Replacement}",91000,431833,INR,"{NICU,Pharmacy,Diagnostic Lab,24x7 Emergency}",{Not specified / demo},False,573,Synthetic demo composite outcome: 88%,18,official,simulated,https://jammu.nic.in/helpline/,2026-09-24,2026-09-24,synthetic_demo_data,orthopedic,pending,2430041,Government Hospital,2000-04-16,"{""Orthopedics"":95,""Joint Replacement"":94}"
JKJAM-006,Sarwal Hospital,Jammu,Jammu & Kashmir,990166,"Jammu, Jammu & Kashmir (street address not published in source)",32.757738,74.870911,"{General Surgery,Laparoscopic Surgery}","{Appendectomy,Hernia Repair,Laparoscopic Cholecystectomy,Laparoscopic Hernia Repair}",94000,336253,INR,"{Dialysis Unit,ICU,Diagnostic Lab,Pharmacy}",{NABH-style demo},False,1169,Synthetic demo composite outcome: 90%,18,official,simulated,https://jammu.nic.in/helpline/,2026-09-24,2026-09-24,synthetic_demo_data,general-surgery,pending,2579402,Government Hospital,2007-07-21,"{""General Surgery"":93,""Laparoscopic Surgery"":96}"
JKJAM-007,G.B. Pant Cantt. Hospital,Jammu,Jammu & Kashmir,990167,"Jammu, Jammu & Kashmir (street address not published in source)",32.696645,74.864682,"{Gastroenterology,Hepatology}","{Endoscopy,Colonoscopy,Liver Function Assessment,FibroScan}",97000,236356,INR,"{Operation Theatre,ICU,Radiology,Ambulance}",{ISO-style demo},False,396,Synthetic demo composite outcome: 90%,13,official,simulated,https://jammu.nic.in/helpline/,2026-09-24,2026-09-24,synthetic_demo_data,gastro,pending,2433500,Government Hospital,2014-10-26,"{""Gastroenterology"":92,""Hepatology"":91}"
JKJAM-008,Ayurvedic College,Jammu,Jammu & Kashmir,990168,"Jammu, Jammu & Kashmir (street address not published in source)",32.753403,74.860873,"{Nephrology,Urology}","{Hemodialysis,Kidney Biopsy,TURP,Ureteroscopy}",100000,494839,INR,"{Cath Lab,ICU,Cardiac Diagnostics,Pharmacy}",{Quality-certified demo},False,236,Synthetic demo composite outcome: 93%,6,official,simulated,https://jammu.nic.in/helpline/,2026-09-24,2026-09-24,synthetic_demo_data,oncology,pending,2543661,Government Hospital,1965-01-04,"{""Nephrology"":94,""Urology"":90}"
JKJAM-009,C.R.P. Hospital,Jammu,Jammu & Kashmir,990169,"Jammu, Jammu & Kashmir (street address not published in source)",32.739184,74.835902,"{Pulmonology,Critical Care}","{Bronchoscopy,Pulmonary Function Test,Ventilator Support,Sepsis Management}",103000,505176,INR,"{24x7 Emergency,Pharmacy,Diagnostic Lab,Ambulance}",{Teaching hospital demo},False,592,Synthetic demo composite outcome: 91%,4,official,simulated,https://jammu.nic.in/helpline/,2026-09-24,2026-09-24,synthetic_demo_data,women-health,pending,2591105,Government Hospital,1972-04-09,"{""Pulmonology"":89,""Critical Care"":83}"
JKJAM-010,Acharya Shri Chander,Jammu,Jammu & Kashmir,990170,"Jammu, Jammu & Kashmir (street address not published in source)",32.691720,74.839754,"{Oncology,Radiation Oncology}","{Chemotherapy,Cancer Screening,Radiotherapy Planning,External Beam Radiotherapy}",55000,150142,INR,"{ICU,24x7 Emergency,Blood Bank,Radiology}",{Not specified / demo},False,175,Synthetic demo composite outcome: 94%,16,official,simulated,https://jammu.nic.in/helpline/,2026-09-24,2026-09-24,synthetic_demo_data,oncology,pending,2662536,Government Hospital,1979-07-14,"{""Oncology"":85,""Radiation Oncology"":85}"
RJ-001,SMS Medical College & Hospital,Jaipur,Rajasthan,990171,"Jaipur, Rajasthan (street address not published in source)",26.906649,75.771666,"{Obstetrics & Gynecology,Women’s Health}","{Normal Delivery,Cesarean Section,Antenatal Care,Gynecology Consultation}",68000,173405,INR,"{NICU,Pharmacy,Diagnostic Lab,24x7 Emergency}",{NABH-style demo},False,247,Synthetic demo composite outcome: 87%,17,official,simulated,https://sotto.rajasthan.gov.in/Home/approvedHospital,2026-09-24,2026-09-24,synthetic_demo_data,women-health,approved,+91-00000-10171,Private,1986-10-19,"{""Obstetrics & Gynecology"":90,""Women’s Health"":91}"
RJ-002,Mahatma Gandhi Hospital,Jaipur,Rajasthan,990172,"Jaipur, Rajasthan (street address not published in source)",26.886598,75.774821,"{Pediatrics,Neonatology}","{Pediatric Consultation,Vaccination,NICU Care,Newborn Screening}",71000,257281,INR,"{Dialysis Unit,ICU,Diagnostic Lab,Pharmacy}",{ISO-style demo},False,351,Synthetic demo composite outcome: 89%,8,official,simulated,https://sotto.rajasthan.gov.in/Home/approvedHospital,2026-09-24,2026-09-24,synthetic_demo_data,pediatrics,approved,+91-00000-10172,Private,1993-01-24,"{""Pediatrics"":87,""Neonatology"":86}"
RJ-003,Monilek Hospital & Research Centre,Jaipur,Rajasthan,990173,"Jaipur, Rajasthan (street address not published in source)",26.883265,75.797573,"{Ophthalmology,Ophthalmic Surgery}","{Cataract Surgery,LASIK Evaluation,Phacoemulsification,Vitrectomy}",74000,357971,INR,"{Operation Theatre,ICU,Radiology,Ambulance}",{Quality-certified demo},False,482,Synthetic demo composite outcome: 87%,18,official,simulated,https://sotto.rajasthan.gov.in/Home/approvedHospital,2026-09-24,2026-09-24,synthetic_demo_data,dermatology,approved,+91-00000-10173,Private,2000-04-02,"{""Ophthalmology"":91,""Ophthalmic Surgery"":84}"
RJ-004,Apex Hospitals Pvt. Limited,Jaipur,Rajasthan,990174,"Jaipur, Rajasthan (street address not published in source)",26.914972,75.809112,"{ENT,Head & Neck Surgery}","{Tonsillectomy,Endoscopic Sinus Surgery,Thyroid Surgery,Neck Dissection}",77000,226539,INR,"{Cath Lab,ICU,Cardiac Diagnostics,Pharmacy}",{Teaching hospital demo},False,384,Synthetic demo composite outcome: 94%,18,official,simulated,https://sotto.rajasthan.gov.in/Home/approvedHospital,2026-09-24,2026-09-24,synthetic_demo_data,ent,approved,+91-00000-10174,Private,2007-07-07,"{""ENT"":86,""Head & Neck Surgery"":89}"
RJ-005,Shalby Hospital,Jaipur,Rajasthan,990175,"Jaipur, Rajasthan (street address not published in source)",26.904856,75.765266,"{Dermatology,Cosmetology}","{Skin Biopsy,Laser Procedures,Hair Restoration Consultation,Laser Therapy}",80000,456968,INR,"{24x7 Emergency,Pharmacy,Diagnostic Lab,Ambulance}",{Not specified / demo},False,680,Synthetic demo composite outcome: 97%,5,official,simulated,https://sotto.rajasthan.gov.in/Home/approvedHospital,2026-09-24,2026-09-24,synthetic_demo_data,dermatology,approved,+91-00000-10175,Private,2014-10-12,"{""Dermatology"":95,""Cosmetology"":96}"
RJ-006,Narayana Hrudayalaya Public Limited,Jaipur,Rajasthan,990176,"Jaipur, Rajasthan (street address not published in source)",26.913794,75.792892,"{Psychiatry,Behavioral Health}","{Psychiatric Consultation,Counselling,Psychological Assessment}",83000,201347,INR,"{ICU,24x7 Emergency,Blood Bank,Radiology}",{NABH-style demo},False,1370,Synthetic demo composite outcome: 93%,17,official,simulated,https://sotto.rajasthan.gov.in/Home/approvedHospital,2026-09-24,2026-09-24,synthetic_demo_data,diabetes,approved,+91-00000-10176,General Hospital,1965-01-17,"{""Psychiatry"":87,""Behavioral Health"":87}"
RJ-007,Mathura Das Mathur,Jodhpur,Rajasthan,990177,"Jodhpur, Rajasthan (street address not published in source)",26.254057,73.056507,"{Emergency Medicine,Trauma Care}","{Emergency Stabilization,Trauma Resuscitation,Trauma Stabilization,Fracture Management}",86000,403372,INR,"{NICU,Pharmacy,Diagnostic Lab,24x7 Emergency}",{ISO-style demo},False,1037,Synthetic demo composite outcome: 94%,12,official,simulated,https://sotto.rajasthan.gov.in/Home/approvedHospital,2026-09-24,2026-09-24,synthetic_demo_data,emergency,approved,+91-00000-10177,General Hospital,1972-04-22,"{""Emergency Medicine"":93,""Trauma Care"":95}"
RJ-008,NIMS Hospital,Jaipur,Rajasthan,990178,"Jaipur, Rajasthan (street address not published in source)",26.894617,75.788651,"{Endocrinology,Diabetology}","{Diabetes Management,Thyroid Evaluation,Diabetes Screening,Insulin Management}",89000,377196,INR,"{Dialysis Unit,ICU,Diagnostic Lab,Pharmacy}",{Quality-certified demo},False,1567,Synthetic demo composite outcome: 88%,11,official,simulated,https://sotto.rajasthan.gov.in/Home/approvedHospital,2026-09-24,2026-09-24,synthetic_demo_data,neurological,approved,+91-00000-10178,Private,1979-07-27,"{""Endocrinology"":91,""Diabetology"":92}"
RJ-009,Medipulse Hospital,Jodhpur,Rajasthan,990179,"Jodhpur, Rajasthan (street address not published in source)",26.208206,73.031297,"{Rheumatology,Pain Medicine}","{Arthritis Management,Autoimmune Evaluation,Pain Clinic,Nerve Blocks}",92000,254779,INR,"{Operation Theatre,ICU,Radiology,Ambulance}",{Teaching hospital demo},False,1120,Synthetic demo composite outcome: 89%,9,official,simulated,https://sotto.rajasthan.gov.in/Home/approvedHospital,2026-09-24,2026-09-24,synthetic_demo_data,orthopedic,approved,+91-00000-10179,Private,1986-10-05,"{""Rheumatology"":93,""Pain Medicine"":88}"
RJ-010,Durlabhji Memorial Hospital Cum Medical Research Institute,Jaipur,Rajasthan,990180,"Jaipur, Rajasthan (street address not published in source)",26.906239,75.804633,"{General Medicine,Family Medicine}","{Outpatient Consultation,Health Screening,Primary Care}",95000,365421,INR,"{Cath Lab,ICU,Cardiac Diagnostics,Pharmacy}",{Not specified / demo},False,1150,Synthetic demo composite outcome: 97%,9,official,simulated,https://sotto.rajasthan.gov.in/Home/approvedHospital,2026-09-24,2026-09-24,synthetic_demo_data,general-surgery,approved,+91-00000-10180,Government / Teaching Hospital,1993-01-10,"{""General Medicine"":92,""Family Medicine"":99}"
RJ-011,Rukmani Birla Hospital,Jaipur,Rajasthan,990181,"Jaipur, Rajasthan (street address not published in source)",26.880803,75.758997,"{Cardiology,Internal Medicine}","{ECG,Echocardiography,Consultation,Diagnostic Evaluation}",98000,522192,INR,"{24x7 Emergency,Pharmacy,Diagnostic Lab,Ambulance}",{NABH-style demo},False,536,Synthetic demo composite outcome: 88%,4,official,simulated,https://sotto.rajasthan.gov.in/Home/approvedHospital,2026-09-24,2026-09-24,synthetic_demo_data,gastro,approved,+91-00000-10181,Private,2000-04-15,"{""Cardiology"":98,""Internal Medicine"":98}"
RJ-012,JNU Hospital,Jaipur,Rajasthan,990182,"Jaipur, Rajasthan (street address not published in source)",26.916456,75.803671,"{Neurology,Neurosurgery}","{EEG,MRI Brain,Craniotomy,Spine Surgery}",101000,484427,INR,"{ICU,24x7 Emergency,Blood Bank,Radiology}",{ISO-style demo},False,757,Synthetic demo composite outcome: 96%,5,official,simulated,https://sotto.rajasthan.gov.in/Home/approvedHospital,2026-09-24,2026-09-24,synthetic_demo_data,renal,approved,+91-00000-10182,Private,2007-07-20,"{""Neurology"":95,""Neurosurgery"":94}"
RJ-013,Geetanjali Medical College & Hospital,Udaipur,Rajasthan,990183,"Udaipur, Rajasthan (street address not published in source)",24.592811,73.739201,"{Orthopedics,Joint Replacement}","{Fracture Fixation,Arthroscopy,Total Knee Replacement,Total Hip Replacement}",104000,404761,INR,"{NICU,Pharmacy,Diagnostic Lab,24x7 Emergency}",{Quality-certified demo},False,196,Synthetic demo composite outcome: 97%,12,official,simulated,https://sotto.rajasthan.gov.in/Home/approvedHospital,2026-09-24,2026-09-24,synthetic_demo_data,orthopedic,approved,+91-00000-10183,Private,2014-10-25,"{""Orthopedics"":95,""Joint Replacement"":93}"
RJ-014,All India Institute of Medical Sciences,Jodhpur,Rajasthan,990184,"Jodhpur, Rajasthan (street address not published in source)",26.233114,72.997973,"{General Surgery,Laparoscopic Surgery}","{Appendectomy,Hernia Repair,Laparoscopic Cholecystectomy,Laparoscopic Hernia Repair}",107000,429332,INR,"{Dialysis Unit,ICU,Diagnostic Lab,Pharmacy}",{Teaching hospital demo},False,842,Synthetic demo composite outcome: 91%,18,official,simulated,https://sotto.rajasthan.gov.in/Home/approvedHospital,2026-09-24,2026-09-24,synthetic_demo_data,general-surgery,approved,+91-00000-10184,Government / Teaching Hospital,1965-01-03,"{""General Surgery"":90,""Laparoscopic Surgery"":92}"
RJ-015,New Hospital Medical College,Kota,Rajasthan,990185,"Kota, Rajasthan (street address not published in source)",25.228813,75.891363,"{Gastroenterology,Hepatology}","{Endoscopy,Colonoscopy,Liver Function Assessment,FibroScan}",110000,275375,INR,"{Operation Theatre,ICU,Radiology,Ambulance}",{Not specified / demo},False,1173,Synthetic demo composite outcome: 92%,2,official,simulated,https://sotto.rajasthan.gov.in/Home/approvedHospital,2026-09-24,2026-09-24,synthetic_demo_data,gastro,approved,+91-00000-10185,Private,1972-04-08,"{""Gastroenterology"":90,""Hepatology"":90}"
RJ-016,GBH General Hospitals & GBH Memorial Cancer Hospital,Udaipur,Rajasthan,990186,"Udaipur, Rajasthan (street address not published in source)",24.612083,73.730599,"{Nephrology,Urology}","{Hemodialysis,Kidney Biopsy,TURP,Ureteroscopy}",113000,523038,INR,"{Cath Lab,ICU,Cardiac Diagnostics,Pharmacy}",{NABH-style demo},False,1190,Synthetic demo composite outcome: 93%,10,official,simulated,https://sotto.rajasthan.gov.in/Home/approvedHospital,2026-09-24,2026-09-24,synthetic_demo_data,pediatrics,approved,+91-00000-10186,Private,1979-07-13,"{""Nephrology"":93,""Urology"":94}"
RJ-017,Mahatma Gandhi Hospital,Bhilwara,Rajasthan,990187,"Bhilwara, Rajasthan (street address not published in source)",25.345933,74.668478,"{Pulmonology,Critical Care}","{Bronchoscopy,Pulmonary Function Test,Ventilator Support,Sepsis Management}",65000,260379,INR,"{24x7 Emergency,Pharmacy,Diagnostic Lab,Ambulance}",{ISO-style demo},False,1542,Synthetic demo composite outcome: 97%,2,official,simulated,https://foundation.rajasthan.gov.in/MedicalTourism.aspx,2026-09-24,2026-09-24,synthetic_demo_data,eye,approved,+91-00000-10187,Private,1986-10-18,"{""Pulmonology"":85,""Critical Care"":85}"
RJ-018,MBS Hospital,Kota,Rajasthan,990188,"Kota, Rajasthan (street address not published in source)",25.231227,75.875036,"{Oncology,Radiation Oncology}","{Chemotherapy,Cancer Screening,Radiotherapy Planning,External Beam Radiotherapy}",68000,176307,INR,"{ICU,24x7 Emergency,Blood Bank,Radiology}",{Quality-certified demo},False,373,Synthetic demo composite outcome: 92%,4,official,simulated,https://foundation.rajasthan.gov.in/MedicalTourism.aspx,2026-09-24,2026-09-24,synthetic_demo_data,oncology,approved,+91-00000-10188,Private,1993-01-23,"{""Oncology"":89,""Radiation Oncology"":88}"
RJ-019,Raj Bahadur Memorial Rajkiya Chikitsalya,Bharatpur,Rajasthan,990189,"Bharatpur, Rajasthan (street address not published in source)",27.206552,77.511341,"{Obstetrics & Gynecology,Women’s Health}","{Normal Delivery,Cesarean Section,Antenatal Care,Gynecology Consultation}",71000,300157,INR,"{NICU,Pharmacy,Diagnostic Lab,24x7 Emergency}",{Teaching hospital demo},False,170,Synthetic demo composite outcome: 91%,3,official,simulated,https://foundation.rajasthan.gov.in/MedicalTourism.aspx,2026-09-24,2026-09-24,synthetic_demo_data,women-health,approved,+91-00000-10189,General Hospital,2000-04-01,"{""Obstetrics & Gynecology"":88,""Women’s Health"":90}"
CHD-001,Postgraduate Institute of Medical Education & Research (PGIMER),Chandigarh,Chandigarh,160012,"Sector-12, Chandigarh",30.766983,76.795038,"{Pediatrics,Neonatology}","{Pediatric Consultation,Vaccination,NICU Care,Newborn Screening}",64000,206689,INR,"{Dialysis Unit,ICU,Diagnostic Lab,Pharmacy}",{Not specified / demo},False,1237,Synthetic demo composite outcome: 89%,5,official,simulated,https://www.pgimer.edu.in/PGIMER_PORTAL/PGIMERPORTAL/GlobalPages/JSP/Page_Data.jsp?dep_id=364,2026-09-24,2026-09-24,synthetic_demo_data,pediatrics,approved,0172-2746018,Government / Central Institute,2007-07-06,"{""Pediatrics"":96,""Neonatology"":93}"
CHD-002,"Nehru Hospital, PGIMER",Chandigarh,Chandigarh,160012,"PGIMER Campus, Sector-12, Chandigarh",30.723573,76.807080,"{Ophthalmology,Ophthalmic Surgery}","{Cataract Surgery,LASIK Evaluation,Phacoemulsification,Vitrectomy}",67000,360038,INR,"{Operation Theatre,ICU,Radiology,Ambulance}",{NABH-style demo},False,1199,Synthetic demo composite outcome: 93%,16,official,simulated,https://www.pgimer.edu.in/PGIMER_PORTAL/PGIMERPORTAL/GlobalPages/JSP/Page_Data.jsp?dep_id=364,2026-09-24,2026-09-24,synthetic_demo_data,emergency,approved,+91-00000-10191,Government / Teaching Hospital,2014-10-11,"{""Ophthalmology"":98,""Ophthalmic Surgery"":96}"
CHD-003,"Government Multi Specialty Hospital, Sector 16",Chandigarh,Chandigarh,990192,"Sector-16, Chandigarh",30.703921,76.812171,"{ENT,Head & Neck Surgery}","{Tonsillectomy,Endoscopic Sinus Surgery,Thyroid Surgery,Neck Dissection}",70000,347395,INR,"{Cath Lab,ICU,Cardiac Diagnostics,Pharmacy}",{ISO-style demo},False,1117,Synthetic demo composite outcome: 92%,6,official,simulated,https://chandigarh.gov.in/health,2026-09-24,2026-09-24,synthetic_demo_data,ent,approved,0172-2752042,Government Multi-Specialty Hospital,1965-01-16,"{""ENT"":92,""Head & Neck Surgery"":98}"
CHD-004,"Government Medical College & Hospital, Sector 32",Chandigarh,Chandigarh,160030,"Sector-32, Chandigarh",30.753807,76.807094,"{Dermatology,Cosmetology}","{Skin Biopsy,Laser Procedures,Hair Restoration Consultation,Laser Therapy}",73000,409365,INR,"{24x7 Emergency,Pharmacy,Diagnostic Lab,Ambulance}",{Quality-certified demo},False,1497,Synthetic demo composite outcome: 86%,14,official,simulated,https://gmch.gov.in/,2026-09-24,2026-09-24,synthetic_demo_data,dermatology,approved,0172-2601023,Government Medical College & Hospital,1972-04-21,"{""Dermatology"":96,""Cosmetology"":95}"
CHD-005,"Mental Health Institute, GMCH Sector 32",Chandigarh,Chandigarh,160030,"Government Medical College & Hospital, Sector-32, Chandigarh",30.701605,76.763357,"{Psychiatry,Behavioral Health}","{Psychiatric Consultation,Counselling,Psychological Assessment}",76000,209677,INR,"{ICU,24x7 Emergency,Blood Bank,Radiology}",{Teaching hospital demo},False,1069,Synthetic demo composite outcome: 95%,17,official,simulated,https://gmch.gov.in/mhi,2026-09-24,2026-09-24,synthetic_demo_data,neurological,approved,0172-2601023,Government Specialized Institute,1979-07-26,"{""Psychiatry"":90,""Behavioral Health"":88}"
CHD-006,"Government Ayurvedic Hospital, Chandigarh",Chandigarh,Chandigarh,990195,Chandigarh (address not published in source),30.753466,76.759252,"{Emergency Medicine,Trauma Care}","{Emergency Stabilization,Trauma Resuscitation,Trauma Stabilization,Fracture Management}",79000,424389,INR,"{NICU,Pharmacy,Diagnostic Lab,24x7 Emergency}",{Not specified / demo},False,1093,Synthetic demo composite outcome: 89%,15,official,simulated,https://chandigarh.gov.in/health,2026-09-24,2026-09-24,synthetic_demo_data,emergency,pending,+91-00000-10195,Government Ayurvedic Hospital,1986-10-04,"{""Emergency Medicine"":85,""Trauma Care"":88}"
